Year,Method,Perfomance relative to the human baseline,Benchmark,Task,Score,Label,year,benchmark,task,best_model_type,best_model_score,metric_name,Country,country,Model,Date Released,Parameters,Provider,is_foundation_model,Design Score,Usability Score,WB-Elo (LC),benchmark_name,value,MixEval-Hard Score,Overall Accuracy,Average (56 datasets),wAvg. (inc),Length Type,Length,model,context_length,avg_score,Average accuracy,Overall accuracy (%),arena_elo_rating,95_CI_upper,95_CI_lower,Type,Overall preference,score,Word error rate (WER),pass@1,Percent resolved,Pass@1 (average),accuracy,metric,Percent solved,system,num_problems_solved,High score (%),Accuracy,domain,shot,instances_correct,success_rate,Time Budget (time limit per run x number of attempts),Claude 3.5 Sonnet (Old) (Modular),Claude 3.5 Sonnet (New) (Modular),Claude 3.5 Sonnet (New) (AIDE),o1-preview (AIDE),Human,Agent name,Average score (%),Submission date,Driving Score↑,driver,type,crash_rate,geo,percent_difference_to_benchmark,success rate,task_type
2023,GPT-4 with search (backoff to CoT on abstention),0.477832512,GPQA Diamond,PhD-level science questions,,,,,,,,,,,,,,,,,,,,,,,,,,,,,,,,,,,,,,,,,,,,,,,,,,,,,,,,,,,,,,,,,,,,,
2024,o3,1.080049261,GPQA Diamond,PhD-level science questions,,,,,,,,,,,,,,,,,,,,,,,,,,,,,,,,,,,,,,,,,,,,,,,,,,,,,,,,,,,,,,,,,,,,,
2012,AlexNet,0.8914647,ImageNet Top-5,Image classification,,,,,,,,,,,,,,,,,,,,,,,,,,,,,,,,,,,,,,,,,,,,,,,,,,,,,,,,,,,,,,,,,,,,,
2013,OverFeat - 7 accurate models,0.914225501,ImageNet Top-5,Image classification,,,,,,,,,,,,,,,,,,,,,,,,,,,,,,,,,,,,,,,,,,,,,,,,,,,,,,,,,,,,,,,,,,,,,
2014,VGG-19,0.969441517,ImageNet Top-5,Image classification,,,,,,,,,,,,,,,,,,,,,,,,,,,,,,,,,,,,,,,,,,,,,,,,,,,,,,,,,,,,,,,,,,,,,
2015,Inception V3,0.994731296,ImageNet Top-5,Image classification,,,,,,,,,,,,,,,,,,,,,,,,,,,,,,,,,,,,,,,,,,,,,,,,,,,,,,,,,,,,,,,,,,,,,
2016,ResNeXt-101  64x4,1.007376185,ImageNet Top-5,Image classification,,,,,,,,,,,,,,,,,,,,,,,,,,,,,,,,,,,,,,,,,,,,,,,,,,,,,,,,,,,,,,,,,,,,,
2017,PNASNet-5,1.01369863,ImageNet Top-5,Image classification,,,,,,,,,,,,,,,,,,,,,,,,,,,,,,,,,,,,,,,,,,,,,,,,,,,,,,,,,,,,,,,,,,,,,
2018,ResNeXt-101 32x48d,1.028451001,ImageNet Top-5,Image classification,,,,,,,,,,,,,,,,,,,,,,,,,,,,,,,,,,,,,,,,,,,,,,,,,,,,,,,,,,,,,,,,,,,,,
2019,BiT-L (ResNet),1.037513172,ImageNet Top-5,Image classification,,,,,,,,,,,,,,,,,,,,,,,,,,,,,,,,,,,,,,,,,,,,,,,,,,,,,,,,,,,,,,,,,,,,,
2020,Meta Pseudo Labels (EfficientNet-L2),1.04109589,ImageNet Top-5,Image classification,,,,,,,,,,,,,,,,,,,,,,,,,,,,,,,,,,,,,,,,,,,,,,,,,,,,,,,,,,,,,,,,,,,,,
2021,Florence-CoSwin-H,1.04341412,ImageNet Top-5,Image classification,,,,,,,,,,,,,,,,,,,,,,,,,,,,,,,,,,,,,,,,,,,,,,,,,,,,,,,,,,,,,,,,,,,,,
2022,Top-k DiffSortNets (EfficientNet-L@),1.039831401,ImageNet Top-5,Image classification,,,,,,,,,,,,,,,,,,,,,,,,,,,,,,,,,,,,,,,,,,,,,,,,,,,,,,,,,,,,,,,,,,,,,
2021,GPT-2 (1.5B),0.076666667,MATH,Competition-level mathematics,,,,,,,,,,,,,,,,,,,,,,,,,,,,,,,,,,,,,,,,,,,,,,,,,,,,,,,,,,,,,,,,,,,,,
2022,"GPT-4 model (w/ code, PAL)",0.575555556,MATH,Competition-level mathematics,,,,,,,,,,,,,,,,,,,,,,,,,,,,,,,,,,,,,,,,,,,,,,,,,,,,,,,,,,,,,,,,,,,,,
2023,"GPT-4-code model (CSV, w/ code, SC, k=16)",0.936666667,MATH,Competition-level mathematics,,,,,,,,,,,,,,,,,,,,,,,,,,,,,,,,,,,,,,,,,,,,,,,,,,,,,,,,,,,,,,,,,,,,,
2024,o3-mini high,1.087777778,MATH,Competition-level mathematics,,,,,,,,,,,,,,,,,,,,,,,,,,,,,,,,,,,,,,,,,,,,,,,,,,,,,,,,,,,,,,,,,,,,,
2019,GPT-2 1.5B (fine-tuned),0.360801782,MMLU,Multitask language understanding,,,,,,,,,,,,,,,,,,,,,,,,,,,,,,,,,,,,,,,,,,,,,,,,,,,,,,,,,,,,,,,,,,,,,
2020,GPT-3 (fine-tuned),0.600222717,MMLU,Multitask language understanding,,,,,,,,,,,,,,,,,,,,,,,,,,,,,,,,,,,,,,,,,,,,,,,,,,,,,,,,,,,,,,,,,,,,,
2021,"Gopher (few-shot, k=5)",0.668151448,MMLU,Multitask language understanding,,,,,,,,,,,,,,,,,,,,,,,,,,,,,,,,,,,,,,,,,,,,,,,,,,,,,,,,,,,,,,,,,,,,,
2022,"Flan-PaLM (5-shot, finetuned, CoT + SC)",0.837416481,MMLU,Multitask language understanding,,,,,,,,,,,,,,,,,,,,,,,,,,,,,,,,,,,,,,,,,,,,,,,,,,,,,,,,,,,,,,,,,,,,,
2023,GPT-4 ,0.962138085,MMLU,Multitask language understanding,,,,,,,,,,,,,,,,,,,,,,,,,,,,,,,,,,,,,,,,,,,,,,,,,,,,,,,,,,,,,,,,,,,,,
2024,o1-preview,1.027839644,MMLU,Multitask language understanding,,,,,,,,,,,,,,,,,,,,,,,,,,,,,,,,,,,,,,,,,,,,,,,,,,,,,,,,,,,,,,,,,,,,,
2023,Gemini 1.0 Ultra,0.719128329,MMMU,Multimodal understanding and reasoning,,,,,,,,,,,,,,,,,,,,,,,,,,,,,,,,,,,,,,,,,,,,,,,,,,,,,,,,,,,,,,,,,,,,,
2024,o1,0.946731235,MMMU,Multimodal understanding and reasoning,,,,,,,,,,,,,,,,,,,,,,,,,,,,,,,,,,,,,,,,,,,,,,,,,,,,,,,,,,,,,,,,,,,,,
2017,SAN (ensemble model),0.82350838,SQuAD 2.0,Medium-level reading comprehension,,,,,,,,,,,,,,,,,,,,,,,,,,,,,,,,,,,,,,,,,,,,,,,,,,,,,,,,,,,,,,,,,,,,,
2018,PAML+BERT (ensemble model),0.962256983,SQuAD 2.0,Medium-level reading comprehension,,,,,,,,,,,,,,,,,,,,,,,,,,,,,,,,,,,,,,,,,,,,,,,,,,,,,,,,,,,,,,,,,,,,,
2019,ALBERT + DAAF + Verifier (ensemble),1.032681564,SQuAD 2.0,Medium-level reading comprehension,,,,,,,,,,,,,,,,,,,,,,,,,,,,,,,,,,,,,,,,,,,,,,,,,,,,,,,,,,,,,,,,,,,,,
2020,SA-Net on Albert (ensemble),1.03922905,SQuAD 2.0,Medium-level reading comprehension,,,,,,,,,,,,,,,,,,,,,,,,,,,,,,,,,,,,,,,,,,,,,,,,,,,,,,,,,,,,,,,,,,,,,
2021,IE-Net (ensemble),1.041497207,SQuAD 2.0,Medium-level reading comprehension,,,,,,,,,,,,,,,,,,,,,,,,,,,,,,,,,,,,,,,,,,,,,,,,,,,,,,,,,,,,,,,,,,,,,
2019,Roberta,0.942093541,SuperGLUE,English language understanding,,,,,,,,,,,,,,,,,,,,,,,,,,,,,,,,,,,,,,,,,,,,,,,,,,,,,,,,,,,,,,,,,,,,,
2020,T5 Team - Google,0.994432071,SuperGLUE,English language understanding,,,,,,,,,,,,,,,,,,,,,,,,,,,,,,,,,,,,,,,,,,,,,,,,,,,,,,,,,,,,,,,,,,,,,
2021,Liam Fedus,1.0155902,SuperGLUE,English language understanding,,,,,,,,,,,,,,,,,,,,,,,,,,,,,,,,,,,,,,,,,,,,,,,,,,,,,,,,,,,,,,,,,,,,,
2022,Vega v2,1.016703786,SuperGLUE,English language understanding,,,,,,,,,,,,,,,,,,,,,,,,,,,,,,,,,,,,,,,,,,,,,,,,,,,,,,,,,,,,,,,,,,,,,
2024,Hairuo,1.017817372,SuperGLUE,English language understanding,,,,,,,,,,,,,,,,,,,,,,,,,,,,,,,,,,,,,,,,,,,,,,,,,,,,,,,,,,,,,,,,,,,,,
2016,MCB,0.800940827,VQA,Visual reasoning,,,,,,,,,,,,,,,,,,,,,,,,,,,,,,,,,,,,,,,,,,,,,,,,,,,,,,,,,,,,,,,,,,,,,
2017,"Image features from bottom-up attention (adaptive K, ensemble)",0.864941817,VQA,Visual reasoning,,,,,,,,,,,,,,,,,,,,,,,,,,,,,,,,,,,,,,,,,,,,,,,,,,,,,,,,,,,,,,,,,,,,,
2018,BAN+Glove+Counter,0.867046299,VQA,Visual reasoning,,,,,,,,,,,,,,,,,,,,,,,,,,,,,,,,,,,,,,,,,,,,,,,,,,,,,,,,,,,,,,,,,,,,,
2019,UNITER (Large),0.906660064,VQA,Visual reasoning,,,,,,,,,,,,,,,,,,,,,,,,,,,,,,,,,,,,,,,,,,,,,,,,,,,,,,,,,,,,,,,,,,,,,
2020,Oscar,0.913840059,VQA,Visual reasoning,,,,,,,,,,,,,,,,,,,,,,,,,,,,,,,,,,,,,,,,,,,,,,,,,,,,,,,,,,,,,,,,,,,,,
2021,VLMo,1.024758604,VQA,Visual reasoning,,,,,,,,,,,,,,,,,,,,,,,,,,,,,,,,,,,,,,,,,,,,,,,,,,,,,,,,,,,,,,,,,,,,,
2022,PaLI,1.043575142,VQA,Visual reasoning,,,,,,,,,,,,,,,,,,,,,,,,,,,,,,,,,,,,,,,,,,,,,,,,,,,,,,,,,,,,,,,,,,,,,
2024-01-01,,,,,1124.493563,open,,,,,,,,,,,,,,,,,,,,,,,,,,,,,,,,,,,,,,,,,,,,,,,,,,,,,,,,,,,,,,,,,,,
2024-02-01,,,,,1146.586521,open,,,,,,,,,,,,,,,,,,,,,,,,,,,,,,,,,,,,,,,,,,,,,,,,,,,,,,,,,,,,,,,,,,,
2024-03-01,,,,,1148.229282,open,,,,,,,,,,,,,,,,,,,,,,,,,,,,,,,,,,,,,,,,,,,,,,,,,,,,,,,,,,,,,,,,,,,
2024-04-01,,,,,1209.57729,open,,,,,,,,,,,,,,,,,,,,,,,,,,,,,,,,,,,,,,,,,,,,,,,,,,,,,,,,,,,,,,,,,,,
2024-05-01,,,,,1209.646296,open,,,,,,,,,,,,,,,,,,,,,,,,,,,,,,,,,,,,,,,,,,,,,,,,,,,,,,,,,,,,,,,,,,,
2024-06-01,,,,,1214.139389,open,,,,,,,,,,,,,,,,,,,,,,,,,,,,,,,,,,,,,,,,,,,,,,,,,,,,,,,,,,,,,,,,,,,
2024-07-01,,,,,1262.234681,open,,,,,,,,,,,,,,,,,,,,,,,,,,,,,,,,,,,,,,,,,,,,,,,,,,,,,,,,,,,,,,,,,,,
2024-08-01,,,,,1266.298806,open,,,,,,,,,,,,,,,,,,,,,,,,,,,,,,,,,,,,,,,,,,,,,,,,,,,,,,,,,,,,,,,,,,,
2024-09-01,,,,,1266.484737,open,,,,,,,,,,,,,,,,,,,,,,,,,,,,,,,,,,,,,,,,,,,,,,,,,,,,,,,,,,,,,,,,,,,
2024-10-01,,,,,1270.736375,open,,,,,,,,,,,,,,,,,,,,,,,,,,,,,,,,,,,,,,,,,,,,,,,,,,,,,,,,,,,,,,,,,,,
2024-11-01,,,,,1273.879046,open,,,,,,,,,,,,,,,,,,,,,,,,,,,,,,,,,,,,,,,,,,,,,,,,,,,,,,,,,,,,,,,,,,,
2024-12-01,,,,,1315.072305,open,,,,,,,,,,,,,,,,,,,,,,,,,,,,,,,,,,,,,,,,,,,,,,,,,,,,,,,,,,,,,,,,,,,
2025-01-01,,,,,1357.653476,open,,,,,,,,,,,,,,,,,,,,,,,,,,,,,,,,,,,,,,,,,,,,,,,,,,,,,,,,,,,,,,,,,,,
2025-02-01,,,,,1361.623644,open,,,,,,,,,,,,,,,,,,,,,,,,,,,,,,,,,,,,,,,,,,,,,,,,,,,,,,,,,,,,,,,,,,,
2024-01-01,,,,,1214.851847,closed,,,,,,,,,,,,,,,,,,,,,,,,,,,,,,,,,,,,,,,,,,,,,,,,,,,,,,,,,,,,,,,,,,,
2024-02-01,,,,,1253.564863,closed,,,,,,,,,,,,,,,,,,,,,,,,,,,,,,,,,,,,,,,,,,,,,,,,,,,,,,,,,,,,,,,,,,,
2024-03-01,,,,,1253.555863,closed,,,,,,,,,,,,,,,,,,,,,,,,,,,,,,,,,,,,,,,,,,,,,,,,,,,,,,,,,,,,,,,,,,,
2024-04-01,,,,,1260.741099,closed,,,,,,,,,,,,,,,,,,,,,,,,,,,,,,,,,,,,,,,,,,,,,,,,,,,,,,,,,,,,,,,,,,,
2024-05-01,,,,,1289.16498,closed,,,,,,,,,,,,,,,,,,,,,,,,,,,,,,,,,,,,,,,,,,,,,,,,,,,,,,,,,,,,,,,,,,,
2024-06-01,,,,,1287.299514,closed,,,,,,,,,,,,,,,,,,,,,,,,,,,,,,,,,,,,,,,,,,,,,,,,,,,,,,,,,,,,,,,,,,,
2024-07-01,,,,,1287.46605,closed,,,,,,,,,,,,,,,,,,,,,,,,,,,,,,,,,,,,,,,,,,,,,,,,,,,,,,,,,,,,,,,,,,,
2024-08-01,,,,,1316.802335,closed,,,,,,,,,,,,,,,,,,,,,,,,,,,,,,,,,,,,,,,,,,,,,,,,,,,,,,,,,,,,,,,,,,,
2024-09-01,,,,,1355.230945,closed,,,,,,,,,,,,,,,,,,,,,,,,,,,,,,,,,,,,,,,,,,,,,,,,,,,,,,,,,,,,,,,,,,,
2024-10-01,,,,,1340.235689,closed,,,,,,,,,,,,,,,,,,,,,,,,,,,,,,,,,,,,,,,,,,,,,,,,,,,,,,,,,,,,,,,,,,,
2024-11-01,,,,,1365.366711,closed,,,,,,,,,,,,,,,,,,,,,,,,,,,,,,,,,,,,,,,,,,,,,,,,,,,,,,,,,,,,,,,,,,,
2024-12-01,,,,,1379.381608,closed,,,,,,,,,,,,,,,,,,,,,,,,,,,,,,,,,,,,,,,,,,,,,,,,,,,,,,,,,,,,,,,,,,,
2025-01-01,,,,,1381.9951,closed,,,,,,,,,,,,,,,,,,,,,,,,,,,,,,,,,,,,,,,,,,,,,,,,,,,,,,,,,,,,,,,,,,,
2025-02-01,,,,,1384.788529,closed,,,,,,,,,,,,,,,,,,,,,,,,,,,,,,,,,,,,,,,,,,,,,,,,,,,,,,,,,,,,,,,,,,,
,,,,,,,2024.0,MMLU,General language,open,88.6,mean_accuracy_perc,,,,,,,,,,,,,,,,,,,,,,,,,,,,,,,,,,,,,,,,,,,,,,,,,,,,,,,,,,,,,
,,,,,,,2024.0,MMLU,General language,closed,92.3,mean_accuracy_perc,,,,,,,,,,,,,,,,,,,,,,,,,,,,,,,,,,,,,,,,,,,,,,,,,,,,,,,,,,,,,
,,,,,,,2023.0,MMLU,General language,open,70.6,mean_accuracy_perc,,,,,,,,,,,,,,,,,,,,,,,,,,,,,,,,,,,,,,,,,,,,,,,,,,,,,,,,,,,,,
,,,,,,,2023.0,MMLU,General language,closed,86.5,mean_accuracy_perc,,,,,,,,,,,,,,,,,,,,,,,,,,,,,,,,,,,,,,,,,,,,,,,,,,,,,,,,,,,,,
,,,,,,,2022.0,MMLU,General language,open,55.7,mean_accuracy_perc,,,,,,,,,,,,,,,,,,,,,,,,,,,,,,,,,,,,,,,,,,,,,,,,,,,,,,,,,,,,,
,,,,,,,2022.0,MMLU,General language,closed,74.1,mean_accuracy_perc,,,,,,,,,,,,,,,,,,,,,,,,,,,,,,,,,,,,,,,,,,,,,,,,,,,,,,,,,,,,,
,,,,,,,2024.0,MMMU,General reasoning,open,70.3,overall_accuracy,,,,,,,,,,,,,,,,,,,,,,,,,,,,,,,,,,,,,,,,,,,,,,,,,,,,,,,,,,,,,
,,,,,,,2024.0,MMMU,General reasoning,closed,78.2,overall_accuracy,,,,,,,,,,,,,,,,,,,,,,,,,,,,,,,,,,,,,,,,,,,,,,,,,,,,,,,,,,,,,
,,,,,,,2023.0,MMMU,General reasoning,open,45.9,overall_accuracy,,,,,,,,,,,,,,,,,,,,,,,,,,,,,,,,,,,,,,,,,,,,,,,,,,,,,,,,,,,,,
,,,,,,,2023.0,MMMU,General reasoning,closed,59.4,overall_accuracy,,,,,,,,,,,,,,,,,,,,,,,,,,,,,,,,,,,,,,,,,,,,,,,,,,,,,,,,,,,,,
,,,,,,,2024.0,MATH,Mathematical reasoning,open,88.1,accuracy,,,,,,,,,,,,,,,,,,,,,,,,,,,,,,,,,,,,,,,,,,,,,,,,,,,,,,,,,,,,,
,,,,,,,2024.0,MATH,Mathematical reasoning,closed,89.7,accuracy,,,,,,,,,,,,,,,,,,,,,,,,,,,,,,,,,,,,,,,,,,,,,,,,,,,,,,,,,,,,,
,,,,,,,2023.0,MATH,Mathematical reasoning,open,60.0,accuracy,,,,,,,,,,,,,,,,,,,,,,,,,,,,,,,,,,,,,,,,,,,,,,,,,,,,,,,,,,,,,
,,,,,,,2023.0,MATH,Mathematical reasoning,closed,84.3,accuracy,,,,,,,,,,,,,,,,,,,,,,,,,,,,,,,,,,,,,,,,,,,,,,,,,,,,,,,,,,,,,
,,,,,,,2022.0,MATH,Mathematical reasoning,open,20.4,accuracy,,,,,,,,,,,,,,,,,,,,,,,,,,,,,,,,,,,,,,,,,,,,,,,,,,,,,,,,,,,,,
,,,,,,,2022.0,MATH,Mathematical reasoning,closed,64.9,accuracy,,,,,,,,,,,,,,,,,,,,,,,,,,,,,,,,,,,,,,,,,,,,,,,,,,,,,,,,,,,,,
,,,,,,,2024.0,HumanEval,Coding,open,94.5,pass@1,,,,,,,,,,,,,,,,,,,,,,,,,,,,,,,,,,,,,,,,,,,,,,,,,,,,,,,,,,,,,
,,,,,,,2024.0,HumanEval,Coding,closed,98.2,pass@1,,,,,,,,,,,,,,,,,,,,,,,,,,,,,,,,,,,,,,,,,,,,,,,,,,,,,,,,,,,,,
,,,,,,,2023.0,HumanEval,Coding,open,75.31,pass@1,,,,,,,,,,,,,,,,,,,,,,,,,,,,,,,,,,,,,,,,,,,,,,,,,,,,,,,,,,,,,
,,,,,,,2023.0,HumanEval,Coding,closed,93.3,pass@1,,,,,,,,,,,,,,,,,,,,,,,,,,,,,,,,,,,,,,,,,,,,,,,,,,,,,,,,,,,,,
,,,,,,,2022.0,HumanEval,Coding,open,40.0,pass@1,,,,,,,,,,,,,,,,,,,,,,,,,,,,,,,,,,,,,,,,,,,,,,,,,,,,,,,,,,,,,
,,,,,,,2022.0,HumanEval,Coding,closed,85.1,pass@1,,,,,,,,,,,,,,,,,,,,,,,,,,,,,,,,,,,,,,,,,,,,,,,,,,,,,,,,,,,,,
2024-01,,,,,1111.92061,,,,,,,,China,,,,,,,,,,,,,,,,,,,,,,,,,,,,,,,,,,,,,,,,,,,,,,,,,,,,,,,,,,,,
2024-02,,,,,1146.586521,,,,,,,,China,,,,,,,,,,,,,,,,,,,,,,,,,,,,,,,,,,,,,,,,,,,,,,,,,,,,,,,,,,,,
2024-03,,,,,1148.229282,,,,,,,,China,,,,,,,,,,,,,,,,,,,,,,,,,,,,,,,,,,,,,,,,,,,,,,,,,,,,,,,,,,,,
2024-04,,,,,1153.531461,,,,,,,,China,,,,,,,,,,,,,,,,,,,,,,,,,,,,,,,,,,,,,,,,,,,,,,,,,,,,,,,,,,,,
2024-05,,,,,1238.920947,,,,,,,,China,,,,,,,,,,,,,,,,,,,,,,,,,,,,,,,,,,,,,,,,,,,,,,,,,,,,,,,,,,,,
2024-06,,,,,1240.058608,,,,,,,,China,,,,,,,,,,,,,,,,,,,,,,,,,,,,,,,,,,,,,,,,,,,,,,,,,,,,,,,,,,,,
2024-07,,,,,1240.555875,,,,,,,,China,,,,,,,,,,,,,,,,,,,,,,,,,,,,,,,,,,,,,,,,,,,,,,,,,,,,,,,,,,,,
2024-08,,,,,1239.676588,,,,,,,,China,,,,,,,,,,,,,,,,,,,,,,,,,,,,,,,,,,,,,,,,,,,,,,,,,,,,,,,,,,,,
2024-09,,,,,1256.816978,,,,,,,,China,,,,,,,,,,,,,,,,,,,,,,,,,,,,,,,,,,,,,,,,,,,,,,,,,,,,,,,,,,,,
2024-10,,,,,1286.658428,,,,,,,,China,,,,,,,,,,,,,,,,,,,,,,,,,,,,,,,,,,,,,,,,,,,,,,,,,,,,,,,,,,,,
2024-11,,,,,1287.035714,,,,,,,,China,,,,,,,,,,,,,,,,,,,,,,,,,,,,,,,,,,,,,,,,,,,,,,,,,,,,,,,,,,,,
2024-12,,,,,1315.072305,,,,,,,,China,,,,,,,,,,,,,,,,,,,,,,,,,,,,,,,,,,,,,,,,,,,,,,,,,,,,,,,,,,,,
2025-01,,,,,1357.653476,,,,,,,,China,,,,,,,,,,,,,,,,,,,,,,,,,,,,,,,,,,,,,,,,,,,,,,,,,,,,,,,,,,,,
2025-02,,,,,1361.623644,,,,,,,,China,,,,,,,,,,,,,,,,,,,,,,,,,,,,,,,,,,,,,,,,,,,,,,,,,,,,,,,,,,,,
2024-01,,,,,1214.851847,,,,,,,,United States,,,,,,,,,,,,,,,,,,,,,,,,,,,,,,,,,,,,,,,,,,,,,,,,,,,,,,,,,,,,
2024-02,,,,,1253.564863,,,,,,,,United States,,,,,,,,,,,,,,,,,,,,,,,,,,,,,,,,,,,,,,,,,,,,,,,,,,,,,,,,,,,,
2024-03,,,,,1253.555863,,,,,,,,United States,,,,,,,,,,,,,,,,,,,,,,,,,,,,,,,,,,,,,,,,,,,,,,,,,,,,,,,,,,,,
2024-04,,,,,1260.741099,,,,,,,,United States,,,,,,,,,,,,,,,,,,,,,,,,,,,,,,,,,,,,,,,,,,,,,,,,,,,,,,,,,,,,
2024-05,,,,,1289.16498,,,,,,,,United States,,,,,,,,,,,,,,,,,,,,,,,,,,,,,,,,,,,,,,,,,,,,,,,,,,,,,,,,,,,,
2024-06,,,,,1287.299514,,,,,,,,United States,,,,,,,,,,,,,,,,,,,,,,,,,,,,,,,,,,,,,,,,,,,,,,,,,,,,,,,,,,,,
2024-07,,,,,1287.46605,,,,,,,,United States,,,,,,,,,,,,,,,,,,,,,,,,,,,,,,,,,,,,,,,,,,,,,,,,,,,,,,,,,,,,
2024-08,,,,,1316.802335,,,,,,,,United States,,,,,,,,,,,,,,,,,,,,,,,,,,,,,,,,,,,,,,,,,,,,,,,,,,,,,,,,,,,,
2024-09,,,,,1355.230945,,,,,,,,United States,,,,,,,,,,,,,,,,,,,,,,,,,,,,,,,,,,,,,,,,,,,,,,,,,,,,,,,,,,,,
2024-10,,,,,1340.235689,,,,,,,,United States,,,,,,,,,,,,,,,,,,,,,,,,,,,,,,,,,,,,,,,,,,,,,,,,,,,,,,,,,,,,
2024-11,,,,,1365.366711,,,,,,,,United States,,,,,,,,,,,,,,,,,,,,,,,,,,,,,,,,,,,,,,,,,,,,,,,,,,,,,,,,,,,,
2024-12,,,,,1379.381608,,,,,,,,United States,,,,,,,,,,,,,,,,,,,,,,,,,,,,,,,,,,,,,,,,,,,,,,,,,,,,,,,,,,,,
2025-01,,,,,1381.9951,,,,,,,,United States,,,,,,,,,,,,,,,,,,,,,,,,,,,,,,,,,,,,,,,,,,,,,,,,,,,,,,,,,,,,
2025-02,,,,,1384.788529,,,,,,,,United States,,,,,,,,,,,,,,,,,,,,,,,,,,,,,,,,,,,,,,,,,,,,,,,,,,,,,,,,,,,,
,,,,,,,2024.0,MMLU,General language,,92.3,mean_accuracy_perc,,United States,,,,,,,,,,,,,,,,,,,,,,,,,,,,,,,,,,,,,,,,,,,,,,,,,,,,,,,,,,,
,,,,,,,2024.0,MMLU,General language,,88.4,mean_accuracy_perc,,China,,,,,,,,,,,,,,,,,,,,,,,,,,,,,,,,,,,,,,,,,,,,,,,,,,,,,,,,,,,
,,,,,,,2023.0,MMLU,General language,,86.5,mean_accuracy_perc,,United States,,,,,,,,,,,,,,,,,,,,,,,,,,,,,,,,,,,,,,,,,,,,,,,,,,,,,,,,,,,
,,,,,,,2023.0,MMLU,General language,,69.0,mean_accuracy_perc,,China,,,,,,,,,,,,,,,,,,,,,,,,,,,,,,,,,,,,,,,,,,,,,,,,,,,,,,,,,,,
,,,,,,,2022.0,MMLU,General language,,74.1,mean_accuracy_perc,,United States,,,,,,,,,,,,,,,,,,,,,,,,,,,,,,,,,,,,,,,,,,,,,,,,,,,,,,,,,,,
,,,,,,,2022.0,MMLU,General language,,44.8,mean_accuracy_perc,,China,,,,,,,,,,,,,,,,,,,,,,,,,,,,,,,,,,,,,,,,,,,,,,,,,,,,,,,,,,,
,,,,,,,2024.0,MMMU,General reasoning,,78.2,overall_accuracy,,United States,,,,,,,,,,,,,,,,,,,,,,,,,,,,,,,,,,,,,,,,,,,,,,,,,,,,,,,,,,,
,,,,,,,2024.0,MMMU,General reasoning,,70.3,overall_accuracy,,China,,,,,,,,,,,,,,,,,,,,,,,,,,,,,,,,,,,,,,,,,,,,,,,,,,,,,,,,,,,
,,,,,,,2023.0,MMMU,General reasoning,,59.4,overall_accuracy,,United States,,,,,,,,,,,,,,,,,,,,,,,,,,,,,,,,,,,,,,,,,,,,,,,,,,,,,,,,,,,
,,,,,,,2023.0,MMMU,General reasoning,,45.9,overall_accuracy,,China,,,,,,,,,,,,,,,,,,,,,,,,,,,,,,,,,,,,,,,,,,,,,,,,,,,,,,,,,,,
,,,,,,,2024.0,MATH,Mathematical reasoning,,89.7,accuracy,,United States,,,,,,,,,,,,,,,,,,,,,,,,,,,,,,,,,,,,,,,,,,,,,,,,,,,,,,,,,,,
,,,,,,,2024.0,MATH,Mathematical reasoning,,88.1,accuracy,,China,,,,,,,,,,,,,,,,,,,,,,,,,,,,,,,,,,,,,,,,,,,,,,,,,,,,,,,,,,,
,,,,,,,2023.0,MATH,Mathematical reasoning,,84.3,accuracy,,United States,,,,,,,,,,,,,,,,,,,,,,,,,,,,,,,,,,,,,,,,,,,,,,,,,,,,,,,,,,,
,,,,,,,2023.0,MATH,Mathematical reasoning,,60.0,accuracy,,China,,,,,,,,,,,,,,,,,,,,,,,,,,,,,,,,,,,,,,,,,,,,,,,,,,,,,,,,,,,
,,,,,,,2022.0,MATH,Mathematical reasoning,,64.9,accuracy,,United States,,,,,,,,,,,,,,,,,,,,,,,,,,,,,,,,,,,,,,,,,,,,,,,,,,,,,,,,,,,
,,,,,,,2022.0,MATH,Mathematical reasoning,,,accuracy,,China,,,,,,,,,,,,,,,,,,,,,,,,,,,,,,,,,,,,,,,,,,,,,,,,,,,,,,,,,,,
,,,,,,,2024.0,HumanEval,Coding,,98.2,pass@1,,United States,,,,,,,,,,,,,,,,,,,,,,,,,,,,,,,,,,,,,,,,,,,,,,,,,,,,,,,,,,,
,,,,,,,2024.0,HumanEval,Coding,,94.5,pass@1,,China,,,,,,,,,,,,,,,,,,,,,,,,,,,,,,,,,,,,,,,,,,,,,,,,,,,,,,,,,,,
,,,,,,,2023.0,HumanEval,Coding,,93.3,pass@1,,United States,,,,,,,,,,,,,,,,,,,,,,,,,,,,,,,,,,,,,,,,,,,,,,,,,,,,,,,,,,,
,,,,,,,2023.0,HumanEval,Coding,,61.64,pass@1,,China,,,,,,,,,,,,,,,,,,,,,,,,,,,,,,,,,,,,,,,,,,,,,,,,,,,,,,,,,,,
,,,,,,,2022.0,HumanEval,Coding,,85.1,pass@1,,United States,,,,,,,,,,,,,,,,,,,,,,,,,,,,,,,,,,,,,,,,,,,,,,,,,,,,,,,,,,,
,,,,,,,2022.0,HumanEval,Coding,,23.8,pass@1,,China,,,,,,,,,,,,,,,,,,,,,,,,,,,,,,,,,,,,,,,,,,,,,,,,,,,,,,,,,,,
,,,,,,,,,,,,,,,PaLM,2022-04-04,540350000000.0,,,,,,,,,,,,,,,,,,,,,,,,,,,,,,,,,,,,,,,,,,,,,,,,,,,,,,,,
,,,,,,,,,,,,,,,LLaMA-65B,2023-02-24,65200000000.0,,,,,,,,,,,,,,,,,,,,,,,,,,,,,,,,,,,,,,,,,,,,,,,,,,,,,,,,
,,,,,,,,,,,,,,,Llama 2 34B,2023-07-18,34000000000.0,,,,,,,,,,,,,,,,,,,,,,,,,,,,,,,,,,,,,,,,,,,,,,,,,,,,,,,,
,,,,,,,,,,,,,,,Mistral 7B,2023-10-10,7000000000.0,,,,,,,,,,,,,,,,,,,,,,,,,,,,,,,,,,,,,,,,,,,,,,,,,,,,,,,,
,,,,,,,,,,,,,,,Phi-3-mini,2024-04-23,3800000000.0,,,,,,,,,,,,,,,,,,,,,,,,,,,,,,,,,,,,,,,,,,,,,,,,,,,,,,,,
1/1/24,,,,,1150.2374,,,,,,,,,,,,,Mistral AI,,,,,,,,,,,,,,,,,,,,,,,,,,,,,,,,,,,,,,,,,,,,,,,,,,,,,,,
2/1/24,,,,,1151.589001,,,,,,,,,,,,,Mistral AI,,,,,,,,,,,,,,,,,,,,,,,,,,,,,,,,,,,,,,,,,,,,,,,,,,,,,,,
3/1/24,,,,,1159.682576,,,,,,,,,,,,,Mistral AI,,,,,,,,,,,,,,,,,,,,,,,,,,,,,,,,,,,,,,,,,,,,,,,,,,,,,,,
4/1/24,,,,,1158.664623,,,,,,,,,,,,,Mistral AI,,,,,,,,,,,,,,,,,,,,,,,,,,,,,,,,,,,,,,,,,,,,,,,,,,,,,,,
5/1/24,,,,,1157.212964,,,,,,,,,,,,,Mistral AI,,,,,,,,,,,,,,,,,,,,,,,,,,,,,,,,,,,,,,,,,,,,,,,,,,,,,,,
6/1/24,,,,,1157.307931,,,,,,,,,,,,,Mistral AI,,,,,,,,,,,,,,,,,,,,,,,,,,,,,,,,,,,,,,,,,,,,,,,,,,,,,,,
7/1/24,,,,,1157.268966,,,,,,,,,,,,,Mistral AI,,,,,,,,,,,,,,,,,,,,,,,,,,,,,,,,,,,,,,,,,,,,,,,,,,,,,,,
8/1/24,,,,,1250.469055,,,,,,,,,,,,,Mistral AI,,,,,,,,,,,,,,,,,,,,,,,,,,,,,,,,,,,,,,,,,,,,,,,,,,,,,,,
9/1/24,,,,,1250.889254,,,,,,,,,,,,,Mistral AI,,,,,,,,,,,,,,,,,,,,,,,,,,,,,,,,,,,,,,,,,,,,,,,,,,,,,,,
10/1/24,,,,,1251.499542,,,,,,,,,,,,,Mistral AI,,,,,,,,,,,,,,,,,,,,,,,,,,,,,,,,,,,,,,,,,,,,,,,,,,,,,,,
11/1/24,,,,,1251.477707,,,,,,,,,,,,,Mistral AI,,,,,,,,,,,,,,,,,,,,,,,,,,,,,,,,,,,,,,,,,,,,,,,,,,,,,,,
12/1/24,,,,,1251.484885,,,,,,,,,,,,,Mistral AI,,,,,,,,,,,,,,,,,,,,,,,,,,,,,,,,,,,,,,,,,,,,,,,,,,,,,,,
1/1/25,,,,,1251.561155,,,,,,,,,,,,,Mistral AI,,,,,,,,,,,,,,,,,,,,,,,,,,,,,,,,,,,,,,,,,,,,,,,,,,,,,,,
2/1/25,,,,,1251.594775,,,,,,,,,,,,,Mistral AI,,,,,,,,,,,,,,,,,,,,,,,,,,,,,,,,,,,,,,,,,,,,,,,,,,,,,,,
1/1/24,,,,,1081.175738,,,,,,,,,,,,,Meta,,,,,,,,,,,,,,,,,,,,,,,,,,,,,,,,,,,,,,,,,,,,,,,,,,,,,,,
2/1/24,,,,,1082.0,,,,,,,,,,,,,Meta,,,,,,,,,,,,,,,,,,,,,,,,,,,,,,,,,,,,,,,,,,,,,,,,,,,,,,,
3/1/24,,,,,1082.200195,,,,,,,,,,,,,Meta,,,,,,,,,,,,,,,,,,,,,,,,,,,,,,,,,,,,,,,,,,,,,,,,,,,,,,,
4/1/24,,,,,1209.57729,,,,,,,,,,,,,Meta,,,,,,,,,,,,,,,,,,,,,,,,,,,,,,,,,,,,,,,,,,,,,,,,,,,,,,,
5/1/24,,,,,1209.646296,,,,,,,,,,,,,Meta,,,,,,,,,,,,,,,,,,,,,,,,,,,,,,,,,,,,,,,,,,,,,,,,,,,,,,,
6/1/24,,,,,1207.861748,,,,,,,,,,,,,Meta,,,,,,,,,,,,,,,,,,,,,,,,,,,,,,,,,,,,,,,,,,,,,,,,,,,,,,,
7/1/24,,,,,1262.234681,,,,,,,,,,,,,Meta,,,,,,,,,,,,,,,,,,,,,,,,,,,,,,,,,,,,,,,,,,,,,,,,,,,,,,,
8/1/24,,,,,1266.298806,,,,,,,,,,,,,Meta,,,,,,,,,,,,,,,,,,,,,,,,,,,,,,,,,,,,,,,,,,,,,,,,,,,,,,,
9/1/24,,,,,1266.484737,,,,,,,,,,,,,Meta,,,,,,,,,,,,,,,,,,,,,,,,,,,,,,,,,,,,,,,,,,,,,,,,,,,,,,,
10/1/24,,,,,1267.387825,,,,,,,,,,,,,Meta,,,,,,,,,,,,,,,,,,,,,,,,,,,,,,,,,,,,,,,,,,,,,,,,,,,,,,,
11/1/24,,,,,1267.4221,,,,,,,,,,,,,Meta,,,,,,,,,,,,,,,,,,,,,,,,,,,,,,,,,,,,,,,,,,,,,,,,,,,,,,,
12/1/24,,,,,1267.50211,,,,,,,,,,,,,Meta,,,,,,,,,,,,,,,,,,,,,,,,,,,,,,,,,,,,,,,,,,,,,,,,,,,,,,,
1/1/25,,,,,1268.213793,,,,,,,,,,,,,Meta,,,,,,,,,,,,,,,,,,,,,,,,,,,,,,,,,,,,,,,,,,,,,,,,,,,,,,,
2/1/25,,,,,1268.603782,,,,,,,,,,,,,Meta,,,,,,,,,,,,,,,,,,,,,,,,,,,,,,,,,,,,,,,,,,,,,,,,,,,,,,,
1/1/24,,,,,1149.647163,,,,,,,,,,,,,Anthropic,,,,,,,,,,,,,,,,,,,,,,,,,,,,,,,,,,,,,,,,,,,,,,,,,,,,,,,
2/1/24,,,,,1150.030972,,,,,,,,,,,,,Anthropic,,,,,,,,,,,,,,,,,,,,,,,,,,,,,,,,,,,,,,,,,,,,,,,,,,,,,,,
3/1/24,,,,,1253.555863,,,,,,,,,,,,,Anthropic,,,,,,,,,,,,,,,,,,,,,,,,,,,,,,,,,,,,,,,,,,,,,,,,,,,,,,,
4/1/24,,,,,1255.913616,,,,,,,,,,,,,Anthropic,,,,,,,,,,,,,,,,,,,,,,,,,,,,,,,,,,,,,,,,,,,,,,,,,,,,,,,
5/1/24,,,,,1250.926206,,,,,,,,,,,,,Anthropic,,,,,,,,,,,,,,,,,,,,,,,,,,,,,,,,,,,,,,,,,,,,,,,,,,,,,,,
6/1/24,,,,,1271.776975,,,,,,,,,,,,,Anthropic,,,,,,,,,,,,,,,,,,,,,,,,,,,,,,,,,,,,,,,,,,,,,,,,,,,,,,,
7/1/24,,,,,1271.811966,,,,,,,,,,,,,Anthropic,,,,,,,,,,,,,,,,,,,,,,,,,,,,,,,,,,,,,,,,,,,,,,,,,,,,,,,
8/1/24,,,,,1271.240569,,,,,,,,,,,,,Anthropic,,,,,,,,,,,,,,,,,,,,,,,,,,,,,,,,,,,,,,,,,,,,,,,,,,,,,,,
9/1/24,,,,,1269.914116,,,,,,,,,,,,,Anthropic,,,,,,,,,,,,,,,,,,,,,,,,,,,,,,,,,,,,,,,,,,,,,,,,,,,,,,,
10/1/24,,,,,1286.467608,,,,,,,,,,,,,Anthropic,,,,,,,,,,,,,,,,,,,,,,,,,,,,,,,,,,,,,,,,,,,,,,,,,,,,,,,
11/1/24,,,,,1283.080223,,,,,,,,,,,,,Anthropic,,,,,,,,,,,,,,,,,,,,,,,,,,,,,,,,,,,,,,,,,,,,,,,,,,,,,,,
12/1/24,,,,,1283.391509,,,,,,,,,,,,,Anthropic,,,,,,,,,,,,,,,,,,,,,,,,,,,,,,,,,,,,,,,,,,,,,,,,,,,,,,,
1/1/25,,,,,1283.709971,,,,,,,,,,,,,Anthropic,,,,,,,,,,,,,,,,,,,,,,,,,,,,,,,,,,,,,,,,,,,,,,,,,,,,,,,
2/1/25,,,,,1283.549594,,,,,,,,,,,,,Anthropic,,,,,,,,,,,,,,,,,,,,,,,,,,,,,,,,,,,,,,,,,,,,,,,,,,,,,,,
1/1/24,,,,,,,,,,,,,,,,,,xAI,,,,,,,,,,,,,,,,,,,,,,,,,,,,,,,,,,,,,,,,,,,,,,,,,,,,,,,
2/1/24,,,,,,,,,,,,,,,,,,xAI,,,,,,,,,,,,,,,,,,,,,,,,,,,,,,,,,,,,,,,,,,,,,,,,,,,,,,,
3/1/24,,,,,,,,,,,,,,,,,,xAI,,,,,,,,,,,,,,,,,,,,,,,,,,,,,,,,,,,,,,,,,,,,,,,,,,,,,,,
4/1/24,,,,,,,,,,,,,,,,,,xAI,,,,,,,,,,,,,,,,,,,,,,,,,,,,,,,,,,,,,,,,,,,,,,,,,,,,,,,
5/1/24,,,,,,,,,,,,,,,,,,xAI,,,,,,,,,,,,,,,,,,,,,,,,,,,,,,,,,,,,,,,,,,,,,,,,,,,,,,,
6/1/24,,,,,,,,,,,,,,,,,,xAI,,,,,,,,,,,,,,,,,,,,,,,,,,,,,,,,,,,,,,,,,,,,,,,,,,,,,,,
7/1/24,,,,,,,,,,,,,,,,,,xAI,,,,,,,,,,,,,,,,,,,,,,,,,,,,,,,,,,,,,,,,,,,,,,,,,,,,,,,
8/1/24,,,,,1294.820296,,,,,,,,,,,,,xAI,,,,,,,,,,,,,,,,,,,,,,,,,,,,,,,,,,,,,,,,,,,,,,,,,,,,,,,
9/1/24,,,,,1294.392615,,,,,,,,,,,,,xAI,,,,,,,,,,,,,,,,,,,,,,,,,,,,,,,,,,,,,,,,,,,,,,,,,,,,,,,
10/1/24,,,,,1293.080307,,,,,,,,,,,,,xAI,,,,,,,,,,,,,,,,,,,,,,,,,,,,,,,,,,,,,,,,,,,,,,,,,,,,,,,
11/1/24,,,,,1290.102715,,,,,,,,,,,,,xAI,,,,,,,,,,,,,,,,,,,,,,,,,,,,,,,,,,,,,,,,,,,,,,,,,,,,,,,
12/1/24,,,,,1288.941816,,,,,,,,,,,,,xAI,,,,,,,,,,,,,,,,,,,,,,,,,,,,,,,,,,,,,,,,,,,,,,,,,,,,,,,
1/1/25,,,,,1287.926494,,,,,,,,,,,,,xAI,,,,,,,,,,,,,,,,,,,,,,,,,,,,,,,,,,,,,,,,,,,,,,,,,,,,,,,
2/1/25,,,,,1287.787343,,,,,,,,,,,,,xAI,,,,,,,,,,,,,,,,,,,,,,,,,,,,,,,,,,,,,,,,,,,,,,,,,,,,,,,
1/1/24,,,,,,,,,,,,,,,,,,DeepSeek,,,,,,,,,,,,,,,,,,,,,,,,,,,,,,,,,,,,,,,,,,,,,,,,,,,,,,,
2/1/24,,,,,1081.733372,,,,,,,,,,,,,DeepSeek,,,,,,,,,,,,,,,,,,,,,,,,,,,,,,,,,,,,,,,,,,,,,,,,,,,,,,,
3/1/24,,,,,1074.857716,,,,,,,,,,,,,DeepSeek,,,,,,,,,,,,,,,,,,,,,,,,,,,,,,,,,,,,,,,,,,,,,,,,,,,,,,,
4/1/24,,,,,1079.451876,,,,,,,,,,,,,DeepSeek,,,,,,,,,,,,,,,,,,,,,,,,,,,,,,,,,,,,,,,,,,,,,,,,,,,,,,,
5/1/24,,,,,1080.070058,,,,,,,,,,,,,DeepSeek,,,,,,,,,,,,,,,,,,,,,,,,,,,,,,,,,,,,,,,,,,,,,,,,,,,,,,,
6/1/24,,,,,1178.965099,,,,,,,,,,,,,DeepSeek,,,,,,,,,,,,,,,,,,,,,,,,,,,,,,,,,,,,,,,,,,,,,,,,,,,,,,,
7/1/24,,,,,1221.834595,,,,,,,,,,,,,DeepSeek,,,,,,,,,,,,,,,,,,,,,,,,,,,,,,,,,,,,,,,,,,,,,,,,,,,,,,,
8/1/24,,,,,1220.631182,,,,,,,,,,,,,DeepSeek,,,,,,,,,,,,,,,,,,,,,,,,,,,,,,,,,,,,,,,,,,,,,,,,,,,,,,,
9/1/24,,,,,1251.816574,,,,,,,,,,,,,DeepSeek,,,,,,,,,,,,,,,,,,,,,,,,,,,,,,,,,,,,,,,,,,,,,,,,,,,,,,,
10/1/24,,,,,1255.739092,,,,,,,,,,,,,DeepSeek,,,,,,,,,,,,,,,,,,,,,,,,,,,,,,,,,,,,,,,,,,,,,,,,,,,,,,,
11/1/24,,,,,1257.859741,,,,,,,,,,,,,DeepSeek,,,,,,,,,,,,,,,,,,,,,,,,,,,,,,,,,,,,,,,,,,,,,,,,,,,,,,,
12/1/24,,,,,1315.072305,,,,,,,,,,,,,DeepSeek,,,,,,,,,,,,,,,,,,,,,,,,,,,,,,,,,,,,,,,,,,,,,,,,,,,,,,,
1/1/25,,,,,1357.653476,,,,,,,,,,,,,DeepSeek,,,,,,,,,,,,,,,,,,,,,,,,,,,,,,,,,,,,,,,,,,,,,,,,,,,,,,,
2/1/25,,,,,1361.623644,,,,,,,,,,,,,DeepSeek,,,,,,,,,,,,,,,,,,,,,,,,,,,,,,,,,,,,,,,,,,,,,,,,,,,,,,,
1/1/24,,,,,1190.624874,,,,,,,,,,,,,OpenAI,,,,,,,,,,,,,,,,,,,,,,,,,,,,,,,,,,,,,,,,,,,,,,,,,,,,,,,
2/1/24,,,,,1253.564863,,,,,,,,,,,,,OpenAI,,,,,,,,,,,,,,,,,,,,,,,,,,,,,,,,,,,,,,,,,,,,,,,,,,,,,,,
3/1/24,,,,,1251.225057,,,,,,,,,,,,,OpenAI,,,,,,,,,,,,,,,,,,,,,,,,,,,,,,,,,,,,,,,,,,,,,,,,,,,,,,,
4/1/24,,,,,1260.741099,,,,,,,,,,,,,OpenAI,,,,,,,,,,,,,,,,,,,,,,,,,,,,,,,,,,,,,,,,,,,,,,,,,,,,,,,
5/1/24,,,,,1289.16498,,,,,,,,,,,,,OpenAI,,,,,,,,,,,,,,,,,,,,,,,,,,,,,,,,,,,,,,,,,,,,,,,,,,,,,,,
6/1/24,,,,,1287.299514,,,,,,,,,,,,,OpenAI,,,,,,,,,,,,,,,,,,,,,,,,,,,,,,,,,,,,,,,,,,,,,,,,,,,,,,,
7/1/24,,,,,1287.46605,,,,,,,,,,,,,OpenAI,,,,,,,,,,,,,,,,,,,,,,,,,,,,,,,,,,,,,,,,,,,,,,,,,,,,,,,
8/1/24,,,,,1316.802335,,,,,,,,,,,,,OpenAI,,,,,,,,,,,,,,,,,,,,,,,,,,,,,,,,,,,,,,,,,,,,,,,,,,,,,,,
9/1/24,,,,,1355.230945,,,,,,,,,,,,,OpenAI,,,,,,,,,,,,,,,,,,,,,,,,,,,,,,,,,,,,,,,,,,,,,,,,,,,,,,,
10/1/24,,,,,1340.235689,,,,,,,,,,,,,OpenAI,,,,,,,,,,,,,,,,,,,,,,,,,,,,,,,,,,,,,,,,,,,,,,,,,,,,,,,
11/1/24,,,,,1361.334855,,,,,,,,,,,,,OpenAI,,,,,,,,,,,,,,,,,,,,,,,,,,,,,,,,,,,,,,,,,,,,,,,,,,,,,,,
12/1/24,,,,,1366.07084,,,,,,,,,,,,,OpenAI,,,,,,,,,,,,,,,,,,,,,,,,,,,,,,,,,,,,,,,,,,,,,,,,,,,,,,,
1/1/25,,,,,1365.244877,,,,,,,,,,,,,OpenAI,,,,,,,,,,,,,,,,,,,,,,,,,,,,,,,,,,,,,,,,,,,,,,,,,,,,,,,
2/1/25,,,,,1365.529409,,,,,,,,,,,,,OpenAI,,,,,,,,,,,,,,,,,,,,,,,,,,,,,,,,,,,,,,,,,,,,,,,,,,,,,,,
1/1/24,,,,,1214.851847,,,,,,,,,,,,,Google,,,,,,,,,,,,,,,,,,,,,,,,,,,,,,,,,,,,,,,,,,,,,,,,,,,,,,,
2/1/24,,,,,1223.798859,,,,,,,,,,,,,Google,,,,,,,,,,,,,,,,,,,,,,,,,,,,,,,,,,,,,,,,,,,,,,,,,,,,,,,
3/1/24,,,,,1203.533592,,,,,,,,,,,,,Google,,,,,,,,,,,,,,,,,,,,,,,,,,,,,,,,,,,,,,,,,,,,,,,,,,,,,,,
4/1/24,,,,,1247.662508,,,,,,,,,,,,,Google,,,,,,,,,,,,,,,,,,,,,,,,,,,,,,,,,,,,,,,,,,,,,,,,,,,,,,,
5/1/24,,,,,1267.923048,,,,,,,,,,,,,Google,,,,,,,,,,,,,,,,,,,,,,,,,,,,,,,,,,,,,,,,,,,,,,,,,,,,,,,
6/1/24,,,,,1267.412015,,,,,,,,,,,,,Google,,,,,,,,,,,,,,,,,,,,,,,,,,,,,,,,,,,,,,,,,,,,,,,,,,,,,,,
7/1/24,,,,,1267.134327,,,,,,,,,,,,,Google,,,,,,,,,,,,,,,,,,,,,,,,,,,,,,,,,,,,,,,,,,,,,,,,,,,,,,,
8/1/24,,,,,1300.997392,,,,,,,,,,,,,Google,,,,,,,,,,,,,,,,,,,,,,,,,,,,,,,,,,,,,,,,,,,,,,,,,,,,,,,
9/1/24,,,,,1300.037855,,,,,,,,,,,,,Google,,,,,,,,,,,,,,,,,,,,,,,,,,,,,,,,,,,,,,,,,,,,,,,,,,,,,,,
10/1/24,,,,,1304.608309,,,,,,,,,,,,,Google,,,,,,,,,,,,,,,,,,,,,,,,,,,,,,,,,,,,,,,,,,,,,,,,,,,,,,,
11/1/24,,,,,1365.366711,,,,,,,,,,,,,Google,,,,,,,,,,,,,,,,,,,,,,,,,,,,,,,,,,,,,,,,,,,,,,,,,,,,,,,
12/1/24,,,,,1379.381608,,,,,,,,,,,,,Google,,,,,,,,,,,,,,,,,,,,,,,,,,,,,,,,,,,,,,,,,,,,,,,,,,,,,,,
1/1/25,,,,,1381.9951,,,,,,,,,,,,,Google,,,,,,,,,,,,,,,,,,,,,,,,,,,,,,,,,,,,,,,,,,,,,,,,,,,,,,,
2/1/25,,,,,1384.788529,,,,,,,,,,,,,Google,,,,,,,,,,,,,,,,,,,,,,,,,,,,,,,,,,,,,,,,,,,,,,,,,,,,,,,
,,,BBQ,,,,,,,,,,,,,,,,1.0,12.9,7.3,,,,,,,,,,,,,,,,,,,,,,,,,,,,,,,,,,,,,,,,,,,,,,,,,,,,
,,,BOLD,,,,,,,,,,,,,,,,1.0,9.2,5.8,,,,,,,,,,,,,,,,,,,,,,,,,,,,,,,,,,,,,,,,,,,,,,,,,,,,
,,,TruthfulQA,,,,,,,,,,,,,,,,1.0,10.7,8.5,,,,,,,,,,,,,,,,,,,,,,,,,,,,,,,,,,,,,,,,,,,,,,,,,,,,
,,,MMLU,,,,,,,,,,,,,,,,1.0,7.1,4.8,,,,,,,,,,,,,,,,,,,,,,,,,,,,,,,,,,,,,,,,,,,,,,,,,,,,
,,,ARC-Challenge,,,,,,,,,,,,,,,,1.0,8.9,8.2,,,,,,,,,,,,,,,,,,,,,,,,,,,,,,,,,,,,,,,,,,,,,,,,,,,,
,,,WinoGrande,,,,,,,,,,,,,,,,1.0,10.4,8.8,,,,,,,,,,,,,,,,,,,,,,,,,,,,,,,,,,,,,,,,,,,,,,,,,,,,
,,,HumanEval,,,,,,,,,,,,,,,,1.0,12.5,8.1,,,,,,,,,,,,,,,,,,,,,,,,,,,,,,,,,,,,,,,,,,,,,,,,,,,,
,,,GSM8K,,,,,,,,,,,,,,,,1.0,8.9,7.5,,,,,,,,,,,,,,,,,,,,,,,,,,,,,,,,,,,,,,,,,,,,,,,,,,,,
,,,HellaSwag,,,,,,,,,,,,,,,,1.0,7.1,6.5,,,,,,,,,,,,,,,,,,,,,,,,,,,,,,,,,,,,,,,,,,,,,,,,,,,,
,,,Machiavelli,,,,,,,,,,,,,,,,1.0,11.8,8.9,,,,,,,,,,,,,,,,,,,,,,,,,,,,,,,,,,,,,,,,,,,,,,,,,,,,
,,,AgentBench,,,,,,,,,,,,,,,,1.0,12.1,10.6,,,,,,,,,,,,,,,,,,,,,,,,,,,,,,,,,,,,,,,,,,,,,,,,,,,,
,,,MLCommons AI Safety v0.5,,,,,,,,,,,,,,,,1.0,13.8,10.9,,,,,,,,,,,,,,,,,,,,,,,,,,,,,,,,,,,,,,,,,,,,,,,,,,,,
,,,GPQA,,,,,,,,,,,,,,,,1.0,11.1,10.9,,,,,,,,,,,,,,,,,,,,,,,,,,,,,,,,,,,,,,,,,,,,,,,,,,,,
,,,BIG-bench,,,,,,,,,,,,,,,,1.0,11.4,9.4,,,,,,,,,,,,,,,,,,,,,,,,,,,,,,,,,,,,,,,,,,,,,,,,,,,,
,,,DecodingTrust,,,,,,,,,,,,,,,,1.0,11.9,10.9,,,,,,,,,,,,,,,,,,,,,,,,,,,,,,,,,,,,,,,,,,,,,,,,,,,,
,,,Procgen,,,,,,,,,,,,,,,,0.0,8.9,9.0,,,,,,,,,,,,,,,,,,,,,,,,,,,,,,,,,,,,,,,,,,,,,,,,,,,,
,,,MedMNIST v2,,,,,,,,,,,,,,,,0.0,11.1,8.5,,,,,,,,,,,,,,,,,,,,,,,,,,,,,,,,,,,,,,,,,,,,,,,,,,,,
,,,Wordcraft,,,,,,,,,,,,,,,,0.0,9.6,6.7,,,,,,,,,,,,,,,,,,,,,,,,,,,,,,,,,,,,,,,,,,,,,,,,,,,,
,,,RL Unplugged,,,,,,,,,,,,,,,,0.0,11.8,9.3,,,,,,,,,,,,,,,,,,,,,,,,,,,,,,,,,,,,,,,,,,,,,,,,,,,,
,,,FinRL-Meta,,,,,,,,,,,,,,,,0.0,10.0,10.4,,,,,,,,,,,,,,,,,,,,,,,,,,,,,,,,,,,,,,,,,,,,,,,,,,,,
,,,SafeBench,,,,,,,,,,,,,,,,0.0,12.9,8.2,,,,,,,,,,,,,,,,,,,,,,,,,,,,,,,,,,,,,,,,,,,,,,,,,,,,
,,,PDEBench,,,,,,,,,,,,,,,,0.0,11.7,10.5,,,,,,,,,,,,,,,,,,,,,,,,,,,,,,,,,,,,,,,,,,,,,,,,,,,,
,,,ALE,,,,,,,,,,,,,,,,0.0,13.9,11.2,,,,,,,,,,,,,,,,,,,,,,,,,,,,,,,,,,,,,,,,,,,,,,,,,,,,
,,,,,69.9,,,,,,,,,,gpt-4o-2024-05-13,,,,,,,,,,,,,,,,,,,,,,,,,,,,,,,,,,,,,,,,,,,,,,,,,,,,,,,,,,
,,,,,71.0,,,,,,,,,,llama-3.1-nemotron-70b-instruct,,,,,,,,,,,,,,,,,,,,,,,,,,,,,,,,,,,,,,,,,,,,,,,,,,,,,,,,,,
,,,,,71.1,,,,,,,,,,gpt-4o-2024-08-06,,,,,,,,,,,,,,,,,,,,,,,,,,,,,,,,,,,,,,,,,,,,,,,,,,,,,,,,,,
,,,,,72.1,,,,,,,,,,athene-v2-chat,,,,,,,,,,,,,,,,,,,,,,,,,,,,,,,,,,,,,,,,,,,,,,,,,,,,,,,,,,
,,,,,73.6,,,,,,,,,,gpt-4-0125-preview,,,,,,,,,,,,,,,,,,,,,,,,,,,,,,,,,,,,,,,,,,,,,,,,,,,,,,,,,,
,,,,,74.3,,,,,,,,,,gpt-4-turbo-2024-04-09,,,,,,,,,,,,,,,,,,,,,,,,,,,,,,,,,,,,,,,,,,,,,,,,,,,,,,,,,,
,,,,,79.3,,,,,,,,,,o1-mini-2024-09-12,,,,,,,,,,,,,,,,,,,,,,,,,,,,,,,,,,,,,,,,,,,,,,,,,,,,,,,,,,
,,,,,81.7,,,,,,,,,,o1-preview-2024-09-12,,,,,,,,,,,,,,,,,,,,,,,,,,,,,,,,,,,,,,,,,,,,,,,,,,,,,,,,,,
,,,,,82.2,,,,,,,,,,claude-3-5-sonnet-2024-06-20,,,,,,,,,,,,,,,,,,,,,,,,,,,,,,,,,,,,,,,,,,,,,,,,,,,,,,,,,,
,,,,,86.4,,,,,,,,,,claude-3-5-sonnet-2024-10-22,,,,,,,,,,,,,,,,,,,,,,,,,,,,,,,,,,,,,,,,,,,,,,,,,,,,,,,,,,
,,,,,,,,,,,,,,,gpt-4o-2024-05-13,,,,,,,1227.1,,,,,,,,,,,,,,,,,,,,,,,,,,,,,,,,,,,,,,,,,,,,,,,,,,,
,,,,,,,,,,,,,,,Claude 3.5 Sonnet,,,,,,,1215.4,,,,,,,,,,,,,,,,,,,,,,,,,,,,,,,,,,,,,,,,,,,,,,,,,,,
,,,,,,,,,,,,,,,Gemini 1.5 Pro,,,,,,,1214.6,,,,,,,,,,,,,,,,,,,,,,,,,,,,,,,,,,,,,,,,,,,,,,,,,,,
,,,,,,,,,,,,,,,gpt-4-turbo-2024-04-09,,,,,,,1209.6,,,,,,,,,,,,,,,,,,,,,,,,,,,,,,,,,,,,,,,,,,,,,,,,,,,
,,,,,,,,,,,,,,,Yi-Large-Preview,,,,,,,1208.9,,,,,,,,,,,,,,,,,,,,,,,,,,,,,,,,,,,,,,,,,,,,,,,,,,,
,,,,,,,,,,,,,,,DeepSeek-V2-Chat,,,,,,,1199.1,,,,,,,,,,,,,,,,,,,,,,,,,,,,,,,,,,,,,,,,,,,,,,,,,,,
,,,,,,,,,,,,,,,gpt-4-0125-preview,,,,,,,1197.3,,,,,,,,,,,,,,,,,,,,,,,,,,,,,,,,,,,,,,,,,,,,,,,,,,,
,,,,,,,,,,,,,,,Claude 3 Opus,,,,,,,1196.3,,,,,,,,,,,,,,,,,,,,,,,,,,,,,,,,,,,,,,,,,,,,,,,,,,,
,,,,,,,,,,,,,,,Gemini 1.5 Flash,,,,,,,1192.0,,,,,,,,,,,,,,,,,,,,,,,,,,,,,,,,,,,,,,,,,,,,,,,,,,,
,,,,,,,,,,,,,,,Llama-3-70B-Instruct,,,,,,,1187.5,,,,,,,,,,,,,,,,,,,,,,,,,,,,,,,,,,,,,,,,,,,,,,,,,,,
,,,,,,,,,,,,,,,DeepSeek-V2-Coder,,,,,,,1184.9,,,,,,,,,,,,,,,,,,,,,,,,,,,,,,,,,,,,,,,,,,,,,,,,,,,
,,,,,,,,,,,,,,,Yi-Large,,,,,,,1181.8,,,,,,,,,,,,,,,,,,,,,,,,,,,,,,,,,,,,,,,,,,,,,,,,,,,
,,,,,,,,,,,,,,,Athene-70B,,,,,,,1180.7,,,,,,,,,,,,,,,,,,,,,,,,,,,,,,,,,,,,,,,,,,,,,,,,,,,
,,,,,,,,,,,,,,,Nemotron-4-340B-Inst,,,,,,,1178.6,,,,,,,,,,,,,,,,,,,,,,,,,,,,,,,,,,,,,,,,,,,,,,,,,,,
,,,,,,,,,,,,,,,Gemma-2-27B-it,,,,,,,1176.4,,,,,,,,,,,,,,,,,,,,,,,,,,,,,,,,,,,,,,,,,,,,,,,,,,,
,,,,,,,,,,,,,,,GPT-4o,,,,,,,,MMLU,88.00%,,,,,,,,,,,,,,,,,,,,,,,,,,,,,,,,,,,,,,,,,,,,,,,,,
,,,,,,,,,,,,,,,o1,,,,,,,,MMLU,90.80%,,,,,,,,,,,,,,,,,,,,,,,,,,,,,,,,,,,,,,,,,,,,,,,,,
,,,,,,,,,,,,,,,o1-preview,,,,,,,,MMLU,92.30%,,,,,,,,,,,,,,,,,,,,,,,,,,,,,,,,,,,,,,,,,,,,,,,,,
,,,,,,,,,,,,,,,GPT-4o,,,,,,,,MATH,60.30%,,,,,,,,,,,,,,,,,,,,,,,,,,,,,,,,,,,,,,,,,,,,,,,,,
,,,,,,,,,,,,,,,o1,,,,,,,,MATH,94.80%,,,,,,,,,,,,,,,,,,,,,,,,,,,,,,,,,,,,,,,,,,,,,,,,,
,,,,,,,,,,,,,,,o1-preview,,,,,,,,MATH,85.50%,,,,,,,,,,,,,,,,,,,,,,,,,,,,,,,,,,,,,,,,,,,,,,,,,
,,,,,,,,,,,,,,,GPT-4o,,,,,,,,GPQA Diamond,50.60%,,,,,,,,,,,,,,,,,,,,,,,,,,,,,,,,,,,,,,,,,,,,,,,,,
,,,,,,,,,,,,,,,o1,,,,,,,,GPQA Diamond,77.30%,,,,,,,,,,,,,,,,,,,,,,,,,,,,,,,,,,,,,,,,,,,,,,,,,
,,,,,,,,,,,,,,,o1-preview,,,,,,,,GPQA Diamond,73.30%,,,,,,,,,,,,,,,,,,,,,,,,,,,,,,,,,,,,,,,,,,,,,,,,,
,,,,,,,,,,,,,,,GPT-4o,,,,,,,,AIME 2024,9.30%,,,,,,,,,,,,,,,,,,,,,,,,,,,,,,,,,,,,,,,,,,,,,,,,,
,,,,,,,,,,,,,,,o1,,,,,,,,AIME 2024,74.40%,,,,,,,,,,,,,,,,,,,,,,,,,,,,,,,,,,,,,,,,,,,,,,,,,
,,,,,,,,,,,,,,,o1-preview,,,,,,,,AIME 2024,44.60%,,,,,,,,,,,,,,,,,,,,,,,,,,,,,,,,,,,,,,,,,,,,,,,,,
,,,,,,,,,,,,,,,OpenAI o1-preview,,,,,,,,,,72.0,,,,,,,,,,,,,,,,,,,,,,,,,,,,,,,,,,,,,,,,,,,,,,,,
,,,,,,,,,,,,,,,Claude 3.5 Sonnet-0620,,,,,,,,,,68.1,,,,,,,,,,,,,,,,,,,,,,,,,,,,,,,,,,,,,,,,,,,,,,,,
,,,,,,,,,,,,,,,LLaMA-3.1-405B-Instruct,,,,,,,,,,66.2,,,,,,,,,,,,,,,,,,,,,,,,,,,,,,,,,,,,,,,,,,,,,,,,
,,,,,,,,,,,,,,,GPT-4o-2024-05-13,,,,,,,,,,64.7,,,,,,,,,,,,,,,,,,,,,,,,,,,,,,,,,,,,,,,,,,,,,,,,
,,,,,,,,,,,,,,,Claude 3 Opus,,,,,,,,,,63.5,,,,,,,,,,,,,,,,,,,,,,,,,,,,,,,,,,,,,,,,,,,,,,,,
,,,,,,,,,,,,,,,GPT-4-Turbo-2024-04-09,,,,,,,,,,62.6,,,,,,,,,,,,,,,,,,,,,,,,,,,,,,,,,,,,,,,,,,,,,,,,
,,,,,,,,,,,,,,,Gemini 1.5 Pro-API-0409,,,,,,,,,,58.7,,,,,,,,,,,,,,,,,,,,,,,,,,,,,,,,,,,,,,,,,,,,,,,,
,,,,,,,,,,,,,,,Gemini 1.5 Pro-API-0514,,,,,,,,,,58.3,,,,,,,,,,,,,,,,,,,,,,,,,,,,,,,,,,,,,,,,,,,,,,,,
,,,,,,,,,,,,,,,Mistral Large 2,,,,,,,,,,57.4,,,,,,,,,,,,,,,,,,,,,,,,,,,,,,,,,,,,,,,,,,,,,,,,
,,,,,,,,,,,,,,,Spark4.0,,,,,,,,,,57.0,,,,,,,,,,,,,,,,,,,,,,,,,,,,,,,,,,,,,,,,,,,,,,,,
,,,,,,,,,,,,,,,Yi-Large-preview,,,,,,,,,,56.8,,,,,,,,,,,,,,,,,,,,,,,,,,,,,,,,,,,,,,,,,,,,,,,,
,,,,,,,,,,,,,,,LLaMA-3-70B-Instruct,,,,,,,,,,55.9,,,,,,,,,,,,,,,,,,,,,,,,,,,,,,,,,,,,,,,,,,,,,,,,
,,,,,,,,,,,,,,,Qwen-Max-0428,,,,,,,,,,55.8,,,,,,,,,,,,,,,,,,,,,,,,,,,,,,,,,,,,,,,,,,,,,,,,
,,,,,,,,,,,,,,,Claude 3 Sonnet,,,,,,,,,,54.0,,,,,,,,,,,,,,,,,,,,,,,,,,,,,,,,,,,,,,,,,,,,,,,,
,,,,,,,,,,,,,,,Reka Core-20240415,,,,,,,,,,52.9,,,,,,,,,,,,,,,,,,,,,,,,,,,,,,,,,,,,,,,,,,,,,,,,
,,,,,,,,,,,,,,,watt-tool-70B (FC),,,,,,,,,,,74.31,,,,,,,,,,,,,,,,,,,,,,,,,,,,,,,,,,,,,,,,,,,,,,,
,,,,,,,,,,,,,,,gpt-4o-2024-11-20 (Prompt),,,,,,,,,,,72.08,,,,,,,,,,,,,,,,,,,,,,,,,,,,,,,,,,,,,,,,,,,,,,,
,,,,,,,,,,,,,,,gpt-4o-2024-11-20 (FC),,,,,,,,,,,69.58,,,,,,,,,,,,,,,,,,,,,,,,,,,,,,,,,,,,,,,,,,,,,,,
,,,,,,,,,,,,,,,watt-tool-8B (FC),,,,,,,,,,,67.98,,,,,,,,,,,,,,,,,,,,,,,,,,,,,,,,,,,,,,,,,,,,,,,
,,,,,,,,,,,,,,,GPT-4-turbo-2024-04-09 (FC),,,,,,,,,,,67.88,,,,,,,,,,,,,,,,,,,,,,,,,,,,,,,,,,,,,,,,,,,,,,,
,,,,,,,,,,,,,,,o1-2024-12-17 (Prompt),,,,,,,,,,,66.73,,,,,,,,,,,,,,,,,,,,,,,,,,,,,,,,,,,,,,,,,,,,,,,
,,,,,,,,,,,,,,,GPT-4o-mini-2024-07-18 (FC),,,,,,,,,,,64.1,,,,,,,,,,,,,,,,,,,,,,,,,,,,,,,,,,,,,,,,,,,,,,,
,,,,,,,,,,,,,,,o1-mini-2024-09-12 (Prompt),,,,,,,,,,,62.79,,,,,,,,,,,,,,,,,,,,,,,,,,,,,,,,,,,,,,,,,,,,,,,
,,,,,,,,,,,,,,,Functionary-Medium-v3.1 (FC),,,,,,,,,,,62.73,,,,,,,,,,,,,,,,,,,,,,,,,,,,,,,,,,,,,,,,,,,,,,,
,,,,,,,,,,,,,,,Gemini-1.5-Pro-002 (Prompt),,,,,,,,,,,62.19,,,,,,,,,,,,,,,,,,,,,,,,,,,,,,,,,,,,,,,,,,,,,,,
,,,,,,,,,,,,,,,Hammer2.1-7b (FC),,,,,,,,,,,61.83,,,,,,,,,,,,,,,,,,,,,,,,,,,,,,,,,,,,,,,,,,,,,,,
,,,,,,,,,,,,,,,Gemini-2.0-Flash-Exp (Prompt),,,,,,,,,,,61.74,,,,,,,,,,,,,,,,,,,,,,,,,,,,,,,,,,,,,,,,,,,,,,,
,,,,,,,,,,,,,,,Amazon-Nova-Pro-v1:0 (FC),,,,,,,,,,,61.38,,,,,,,,,,,,,,,,,,,,,,,,,,,,,,,,,,,,,,,,,,,,,,,
,,,,,,,,,,,,,,,Qwen2.5-72B-Instruct (Prompt),,,,,,,,,,,61.31,,,,,,,,,,,,,,,,,,,,,,,,,,,,,,,,,,,,,,,,,,,,,,,
,,,,,,,,,,,,,,,Gemini-1.5-Pro-002 (FC),,,,,,,,,,,60.97,,,,,,,,,,,,,,,,,,,,,,,,,,,,,,,,,,,,,,,,,,,,,,,
,,,,,,,,,,,,,,,voyage-3-m-exp,,,,,,,,,,,,74.03,,,,,,,,,,,,,,,,,,,,,,,,,,,,,,,,,,,,,,,,,,,,,,
,,,,,,,,,,,,,,,NV-Embed-v2,,,,,,,,,,,,72.31,,,,,,,,,,,,,,,,,,,,,,,,,,,,,,,,,,,,,,,,,,,,,,
,,,,,,,,,,,,,,,jasper_en_vision_language_v1,,,,,,,,,,,,72.02,,,,,,,,,,,,,,,,,,,,,,,,,,,,,,,,,,,,,,,,,,,,,,
,,,,,,,,,,,,,,,bge-en-icl,,,,,,,,,,,,71.67,,,,,,,,,,,,,,,,,,,,,,,,,,,,,,,,,,,,,,,,,,,,,,
,,,,,,,,,,,,,,,LENS-d8000,,,,,,,,,,,,71.62,,,,,,,,,,,,,,,,,,,,,,,,,,,,,,,,,,,,,,,,,,,,,,
,,,,,,,,,,,,,,,LENS-d4000,,,,,,,,,,,,71.21,,,,,,,,,,,,,,,,,,,,,,,,,,,,,,,,,,,,,,,,,,,,,,
,,,,,,,,,,,,,,,stella_en_1.5B_v5,,,,,,,,,,,,71.19,,,,,,,,,,,,,,,,,,,,,,,,,,,,,,,,,,,,,,,,,,,,,,
,,,,,,,,,,,,,,,SFR-Embedding-2_R,,,,,,,,,,,,70.31,,,,,,,,,,,,,,,,,,,,,,,,,,,,,,,,,,,,,,,,,,,,,,
,,,,,,,,,,,,,,,gte-Qwen2-7B-instruct,,,,,,,,,,,,70.24,,,,,,,,,,,,,,,,,,,,,,,,,,,,,,,,,,,,,,,,,,,,,,
,,,,,,,,,,,,,,,stella_en_400M_v5,,,,,,,,,,,,70.11,,,,,,,,,,,,,,,,,,,,,,,,,,,,,,,,,,,,,,,,,,,,,,
,,,,,,,,,,,,,,,bge-multilingual-gemma2,,,,,,,,,,,,69.88,,,,,,,,,,,,,,,,,,,,,,,,,,,,,,,,,,,,,,,,,,,,,,
,,,,,,,,,,,,,,,NV-Embed-v1,,,,,,,,,,,,69.32,,,,,,,,,,,,,,,,,,,,,,,,,,,,,,,,,,,,,,,,,,,,,,
,,,,,,,,,,,,,,,voyage-large-2-instruct,,,,,,,,,,,,68.23,,,,,,,,,,,,,,,,,,,,,,,,,,,,,,,,,,,,,,,,,,,,,,
,,,,,,,,,,,,,,,Linq-Embed-Mistral,,,,,,,,,,,,68.17,,,,,,,,,,,,,,,,,,,,,,,,,,,,,,,,,,,,,,,,,,,,,,
,,,,,,,,,,,,,,,SFR-Embedding-Mistral,,,,,,,,,,,,67.56,,,,,,,,,,,,,,,,,,,,,,,,,,,,,,,,,,,,,,,,,,,,,,
,,,,,,,,,,,,,,,Phi3-medium (14B),,,,,,,,,,,,,74.80%,,,,,,,,,,,,,,,,,,,,,,,,,,,,,,,,,,,,,,,,,,,,,
,,,,,,,,,,,,,,,Qwen2 (72B),,,,,,,,,,,,,79.60%,,,,,,,,,,,,,,,,,,,,,,,,,,,,,,,,,,,,,,,,,,,,,
,,,,,,,,,,,,,,,GradientAI/Llama3 (70B),,,,,,,,,,,,,82.60%,,,,,,,,,,,,,,,,,,,,,,,,,,,,,,,,,,,,,,,,,,,,,
,,,,,,,,,,,,,,,Command-R-plus (104B),,,,,,,,,,,,,82.70%,,,,,,,,,,,,,,,,,,,,,,,,,,,,,,,,,,,,,,,,,,,,,
,,,,,,,,,,,,,,,Yi (34B),,,,,,,,,,,,,84.80%,,,,,,,,,,,,,,,,,,,,,,,,,,,,,,,,,,,,,,,,,,,,,
,,,,,,,,,,,,,,,Llama3.1 (8B),,,,,,,,,,,,,85.40%,,,,,,,,,,,,,,,,,,,,,,,,,,,,,,,,,,,,,,,,,,,,,
,,,,,,,,,,,,,,,Llama3.1 (70B),,,,,,,,,,,,,85.50%,,,,,,,,,,,,,,,,,,,,,,,,,,,,,,,,,,,,,,,,,,,,,
,,,,,,,,,,,,,,,GLM4 (9B),,,,,,,,,,,,,88.00%,,,,,,,,,,,,,,,,,,,,,,,,,,,,,,,,,,,,,,,,,,,,,
,,,,,,,,,,,,,,,GPT-4-1106-preview,,,,,,,,,,,,,89.00%,,,,,,,,,,,,,,,,,,,,,,,,,,,,,,,,,,,,,,,,,,,,,
,,,,,,,,,,,,,,,Gemini-1.5-pro,,,,,,,,,,,,,95.50%,,,,,,,,,,,,,,,,,,,,,,,,,,,,,,,,,,,,,,,,,,,,,
,,,,,,,,,,,,,,,Phi3-medium (14B),,,,,,,,,,,,,,Claimed Length,128000.0,,,,,,,,,,,,,,,,,,,,,,,,,,,,,,,,,,,,,,,,,,,
,,,,,,,,,,,,,,,Qwen2 (72B),,,,,,,,,,,,,,Claimed Length,128000.0,,,,,,,,,,,,,,,,,,,,,,,,,,,,,,,,,,,,,,,,,,,
,,,,,,,,,,,,,,,GradientAI/Llama3 (70B),,,,,,,,,,,,,,Claimed Length,1000000.0,,,,,,,,,,,,,,,,,,,,,,,,,,,,,,,,,,,,,,,,,,,
,,,,,,,,,,,,,,,Command-R-plus (104B),,,,,,,,,,,,,,Claimed Length,128000.0,,,,,,,,,,,,,,,,,,,,,,,,,,,,,,,,,,,,,,,,,,,
,,,,,,,,,,,,,,,Yi (34B),,,,,,,,,,,,,,Claimed Length,200000.0,,,,,,,,,,,,,,,,,,,,,,,,,,,,,,,,,,,,,,,,,,,
,,,,,,,,,,,,,,,Llama3.1 (8B),,,,,,,,,,,,,,Claimed Length,128000.0,,,,,,,,,,,,,,,,,,,,,,,,,,,,,,,,,,,,,,,,,,,
,,,,,,,,,,,,,,,Llama3.1 (70B),,,,,,,,,,,,,,Claimed Length,128000.0,,,,,,,,,,,,,,,,,,,,,,,,,,,,,,,,,,,,,,,,,,,
,,,,,,,,,,,,,,,GLM4 (9B),,,,,,,,,,,,,,Claimed Length,1000000.0,,,,,,,,,,,,,,,,,,,,,,,,,,,,,,,,,,,,,,,,,,,
,,,,,,,,,,,,,,,GPT-4-1106-preview,,,,,,,,,,,,,,Claimed Length,128000.0,,,,,,,,,,,,,,,,,,,,,,,,,,,,,,,,,,,,,,,,,,,
,,,,,,,,,,,,,,,Gemini-1.5-pro,,,,,,,,,,,,,,Claimed Length,1000000.0,,,,,,,,,,,,,,,,,,,,,,,,,,,,,,,,,,,,,,,,,,,
,,,,,,,,,,,,,,,Phi3-medium (14B),,,,,,,,,,,,,,Effective Length,32000.0,,,,,,,,,,,,,,,,,,,,,,,,,,,,,,,,,,,,,,,,,,,
,,,,,,,,,,,,,,,Qwen2 (72B),,,,,,,,,,,,,,Effective Length,32000.0,,,,,,,,,,,,,,,,,,,,,,,,,,,,,,,,,,,,,,,,,,,
,,,,,,,,,,,,,,,GradientAI/Llama3 (70B),,,,,,,,,,,,,,Effective Length,16000.0,,,,,,,,,,,,,,,,,,,,,,,,,,,,,,,,,,,,,,,,,,,
,,,,,,,,,,,,,,,Command-R-plus (104B),,,,,,,,,,,,,,Effective Length,32000.0,,,,,,,,,,,,,,,,,,,,,,,,,,,,,,,,,,,,,,,,,,,
,,,,,,,,,,,,,,,Yi (34B),,,,,,,,,,,,,,Effective Length,32000.0,,,,,,,,,,,,,,,,,,,,,,,,,,,,,,,,,,,,,,,,,,,
,,,,,,,,,,,,,,,Llama3.1 (8B),,,,,,,,,,,,,,Effective Length,32000.0,,,,,,,,,,,,,,,,,,,,,,,,,,,,,,,,,,,,,,,,,,,
,,,,,,,,,,,,,,,Llama3.1 (70B),,,,,,,,,,,,,,Effective Length,64000.0,,,,,,,,,,,,,,,,,,,,,,,,,,,,,,,,,,,,,,,,,,,
,,,,,,,,,,,,,,,GLM4 (9B),,,,,,,,,,,,,,Effective Length,64000.0,,,,,,,,,,,,,,,,,,,,,,,,,,,,,,,,,,,,,,,,,,,
,,,,,,,,,,,,,,,GPT-4-1106-preview,,,,,,,,,,,,,,Effective Length,64000.0,,,,,,,,,,,,,,,,,,,,,,,,,,,,,,,,,,,,,,,,,,,
,,,,,,,,,,,,,,,Gemini-1.5-pro,,,,,,,,,,,,,,Effective Length,128000.0,,,,,,,,,,,,,,,,,,,,,,,,,,,,,,,,,,,,,,,,,,,
,,,,,,,,,,,,,,,,,,,,,,,,,,,,,,,GPT-4,8k,64.2,,,,,,,,,,,,,,,,,,,,,,,,,,,,,,,,,,,,,,,,
,,,,,,,,,,,,,,,,,,,,,,,,,,,,,,,GPT-4o-08,8k,63.9,,,,,,,,,,,,,,,,,,,,,,,,,,,,,,,,,,,,,,,,
,,,,,,,,,,,,,,,,,,,,,,,,,,,,,,,Claude-3.5-Sonnet,8k,59.5,,,,,,,,,,,,,,,,,,,,,,,,,,,,,,,,,,,,,,,,
,,,,,,,,,,,,,,,,,,,,,,,,,,,,,,,Gemini-1.5-Pro,8k,59.8,,,,,,,,,,,,,,,,,,,,,,,,,,,,,,,,,,,,,,,,
,,,,,,,,,,,,,,,,,,,,,,,,,,,,,,,Llama-3.1-70B,8k,60.2,,,,,,,,,,,,,,,,,,,,,,,,,,,,,,,,,,,,,,,,
,,,,,,,,,,,,,,,,,,,,,,,,,,,,,,,GPT-4,16k,63.4,,,,,,,,,,,,,,,,,,,,,,,,,,,,,,,,,,,,,,,,
,,,,,,,,,,,,,,,,,,,,,,,,,,,,,,,GPT-4o-08,16k,65.8,,,,,,,,,,,,,,,,,,,,,,,,,,,,,,,,,,,,,,,,
,,,,,,,,,,,,,,,,,,,,,,,,,,,,,,,Claude-3.5-Sonnet,16k,53.7,,,,,,,,,,,,,,,,,,,,,,,,,,,,,,,,,,,,,,,,
,,,,,,,,,,,,,,,,,,,,,,,,,,,,,,,Gemini-1.5-Pro,16k,60.7,,,,,,,,,,,,,,,,,,,,,,,,,,,,,,,,,,,,,,,,
,,,,,,,,,,,,,,,,,,,,,,,,,,,,,,,Llama-3.1-70B,16k,61.2,,,,,,,,,,,,,,,,,,,,,,,,,,,,,,,,,,,,,,,,
,,,,,,,,,,,,,,,,,,,,,,,,,,,,,,,GPT-4,32k,58.6,,,,,,,,,,,,,,,,,,,,,,,,,,,,,,,,,,,,,,,,
,,,,,,,,,,,,,,,,,,,,,,,,,,,,,,,GPT-4o-08,32k,66.3,,,,,,,,,,,,,,,,,,,,,,,,,,,,,,,,,,,,,,,,
,,,,,,,,,,,,,,,,,,,,,,,,,,,,,,,Claude-3.5-Sonnet,32k,53.5,,,,,,,,,,,,,,,,,,,,,,,,,,,,,,,,,,,,,,,,
,,,,,,,,,,,,,,,,,,,,,,,,,,,,,,,Gemini-1.5-Pro,32k,63.5,,,,,,,,,,,,,,,,,,,,,,,,,,,,,,,,,,,,,,,,
,,,,,,,,,,,,,,,,,,,,,,,,,,,,,,,Llama-3.1-70B,32k,60.8,,,,,,,,,,,,,,,,,,,,,,,,,,,,,,,,,,,,,,,,
,,,,,,,,,,,,,,,,,,,,,,,,,,,,,,,GPT-4,64k,48.1,,,,,,,,,,,,,,,,,,,,,,,,,,,,,,,,,,,,,,,,
,,,,,,,,,,,,,,,,,,,,,,,,,,,,,,,GPT-4o-08,64k,65.0,,,,,,,,,,,,,,,,,,,,,,,,,,,,,,,,,,,,,,,,
,,,,,,,,,,,,,,,,,,,,,,,,,,,,,,,Claude-3.5-Sonnet,64k,45.8,,,,,,,,,,,,,,,,,,,,,,,,,,,,,,,,,,,,,,,,
,,,,,,,,,,,,,,,,,,,,,,,,,,,,,,,Gemini-1.5-Pro,64k,64.1,,,,,,,,,,,,,,,,,,,,,,,,,,,,,,,,,,,,,,,,
,,,,,,,,,,,,,,,,,,,,,,,,,,,,,,,Llama-3.1-70B,64k,57.0,,,,,,,,,,,,,,,,,,,,,,,,,,,,,,,,,,,,,,,,
,,,,,,,,,,,,,,,,,,,,,,,,,,,,,,,GPT-4,128k,39.9,,,,,,,,,,,,,,,,,,,,,,,,,,,,,,,,,,,,,,,,
,,,,,,,,,,,,,,,,,,,,,,,,,,,,,,,GPT-4o-08,128k,63.8,,,,,,,,,,,,,,,,,,,,,,,,,,,,,,,,,,,,,,,,
,,,,,,,,,,,,,,,,,,,,,,,,,,,,,,,Claude-3.5-Sonnet,128k,39.5,,,,,,,,,,,,,,,,,,,,,,,,,,,,,,,,,,,,,,,,
,,,,,,,,,,,,,,,,,,,,,,,,,,,,,,,Gemini-1.5-Pro,128k,62.7,,,,,,,,,,,,,,,,,,,,,,,,,,,,,,,,,,,,,,,,
,,,,,,,,,,,,,,,,,,,,,,,,,,,,,,,Llama-3.1-70B,128k,49.3,,,,,,,,,,,,,,,,,,,,,,,,,,,,,,,,,,,,,,,,
2019,,,,,,,,,,,,,,,,,,,,,,,,,,,,,,,,,,32.40%,,,,,,,,,,,,,,,,,,,,,,,,,,,,,,,,,,,,,,,
2020,,,,,,,,,,,,,,,,,,,,,,,,,,,,,,,,,,53.90%,,,,,,,,,,,,,,,,,,,,,,,,,,,,,,,,,,,,,,,
2021,,,,,,,,,,,,,,,,,,,,,,,,,,,,,,,,,,60.00%,,,,,,,,,,,,,,,,,,,,,,,,,,,,,,,,,,,,,,,
2022,,,,,,,,,,,,,,,,,,,,,,,,,,,,,,,,,,75.20%,,,,,,,,,,,,,,,,,,,,,,,,,,,,,,,,,,,,,,,
2023,,,,,,,,,,,,,,,,,,,,,,,,,,,,,,,,,,86.50%,,,,,,,,,,,,,,,,,,,,,,,,,,,,,,,,,,,,,,,
2024,,,,,,,,,,,,,,,,,,,,,,,,,,,,,,,,,,92.30%,,,,,,,,,,,,,,,,,,,,,,,,,,,,,,,,,,,,,,,
,,,,,,,,,,,,,,,Qwen2.5-72B,,,,,,,,,,,,,,,,,,,,0.7159,,,,,,,,,,,,,,,,,,,,,,,,,,,,,,,,,,,,,,
,,,,,,,,,,,,,,,Grok-2-mini,,,,,,,,,,,,,,,,,,,,0.7185,,,,,,,,,,,,,,,,,,,,,,,,,,,,,,,,,,,,,,
,,,,,,,,,,,,,,,GPT-4o (2024-05-13),,,,,,,,,,,,,,,,,,,,0.7255,,,,,,,,,,,,,,,,,,,,,,,,,,,,,,,,,,,,,,
,,,,,,,,,,,,,,,Athene-V2-Chat (0-shot),,,,,,,,,,,,,,,,,,,,0.7311,,,,,,,,,,,,,,,,,,,,,,,,,,,,,,,,,,,,,,
,,,,,,,,,,,,,,,Llama-3.1-405B-Instruct,,,,,,,,,,,,,,,,,,,,0.733,,,,,,,,,,,,,,,,,,,,,,,,,,,,,,,,,,,,,,
,,,,,,,,,,,,,,,GPT-4o (2024-08-06),,,,,,,,,,,,,,,,,,,,0.7468,,,,,,,,,,,,,,,,,,,,,,,,,,,,,,,,,,,,,,
,,,,,,,,,,,,,,,Grok-2,,,,,,,,,,,,,,,,,,,,0.7546,,,,,,,,,,,,,,,,,,,,,,,,,,,,,,,,,,,,,,
,,,,,,,,,,,,,,,MiniMax-Text-01,,,,,,,,,,,,,,,,,,,,0.757,,,,,,,,,,,,,,,,,,,,,,,,,,,,,,,,,,,,,,
,,,,,,,,,,,,,,,DeepSeek-V3,,,,,,,,,,,,,,,,,,,,0.7587,,,,,,,,,,,,,,,,,,,,,,,,,,,,,,,,,,,,,,
,,,,,,,,,,,,,,,Gemini-2.0-Flash-exp,,,,,,,,,,,,,,,,,,,,0.7624,,,,,,,,,,,,,,,,,,,,,,,,,,,,,,,,,,,,,,
,,,,,,,,,,,,,,,Claude-3.5-Sonnet (2024-10-22),,,,,,,,,,,,,,,,,,,,0.7764,,,,,,,,,,,,,,,,,,,,,,,,,,,,,,,,,,,,,,
,,,,,,,,,,,,,,,GPT-4o (2024-11-20),,,,,,,,,,,,,,,,,,,,0.779,,,,,,,,,,,,,,,,,,,,,,,,,,,,,,,,,,,,,,
,,,,,,,,,,,,,,,Claude-3.5-Sonnet (2024-06-20),,,,,,,,,,,,,,,,,,,,0.78,,,,,,,,,,,,,,,,,,,,,,,,,,,,,,,,,,,,,,
,,,,,,,,,,,,,,,GPT-o1-mini,,,,,,,,,,,,,,,,,,,,0.803,,,,,,,,,,,,,,,,,,,,,,,,,,,,,,,,,,,,,,
,,,,,,,,,,,,,,,DeepSeek-R1,,,,,,,,,,,,,,,,,,,,0.84,,,,,,,,,,,,,,,,,,,,,,,,,,,,,,,,,,,,,,
,,,,,,,,,,,,,,,,,,,,,,,,,,,,,,,Gemini-1.5-Pro-002,,,,,1303.0,1307.0,1299.0,,,,,,,,,,,,,,,,,,,,,,,,,,,,,,,,,,,
,,,,,,,,,,,,,,,,,,,,,,,,,,,,,,,Step-2-16K-Exp,,,,,1305.0,1313.0,1296.0,,,,,,,,,,,,,,,,,,,,,,,,,,,,,,,,,,,
,,,,,,,,,,,,,,,,,,,,,,,,,,,,,,,o1-mini,,,,,1306.0,1309.0,1303.0,,,,,,,,,,,,,,,,,,,,,,,,,,,,,,,,,,,
,,,,,,,,,,,,,,,,,,,,,,,,,,,,,,,DeepSeek-V3,,,,,1319.0,1325.0,1313.0,,,,,,,,,,,,,,,,,,,,,,,,,,,,,,,,,,,
,,,,,,,,,,,,,,,,,,,,,,,,,,,,,,,o1-preview,,,,,1335.0,1339.0,1331.0,,,,,,,,,,,,,,,,,,,,,,,,,,,,,,,,,,,
,,,,,,,,,,,,,,,,,,,,,,,,,,,,,,,o1-2024-12-17,,,,,1351.0,1358.0,1344.0,,,,,,,,,,,,,,,,,,,,,,,,,,,,,,,,,,,
,,,,,,,,,,,,,,,,,,,,,,,,,,,,,,,Gemini-2.0-Flash-Exp,,,,,1357.0,1363.0,1353.0,,,,,,,,,,,,,,,,,,,,,,,,,,,,,,,,,,,
,,,,,,,,,,,,,,,,,,,,,,,,,,,,,,,Gemini-2.0-Flash-Thinking-Exp-1219,,,,,1364.0,1369.0,1358.0,,,,,,,,,,,,,,,,,,,,,,,,,,,,,,,,,,,
,,,,,,,,,,,,,,,,,,,,,,,,,,,,,,,ChatGPT-4o-latest (2024-11-20),,,,,1365.0,1369.0,1362.0,,,,,,,,,,,,,,,,,,,,,,,,,,,,,,,,,,,
,,,,,,,,,,,,,,,,,,,,,,,,,,,,,,,Gemini-Exp-1206,,,,,1374.0,1378.0,1369.0,,,,,,,,,,,,,,,,,,,,,,,,,,,,,,,,,,,
,,,,,78.0,,,,,,,,,,gpt-4-0125-preview,,,,,,,,,,,,,,,,,,,,,,,,,,,,,,,,,,,,,,,,,,,,,,,,,,,,,,,,,,
,,,,,79.2,,,,,,,,,,gpt-4o-2024-05-13,,,,,,,,,,,,,,,,,,,,,,,,,,,,,,,,,,,,,,,,,,,,,,,,,,,,,,,,,,
,,,,,79.3,,,,,,,,,,claude-3-5-sonnet-2024-06-20,,,,,,,,,,,,,,,,,,,,,,,,,,,,,,,,,,,,,,,,,,,,,,,,,,,,,,,,,,
,,,,,81.5,,,,,,,,,,yi-lightning,,,,,,,,,,,,,,,,,,,,,,,,,,,,,,,,,,,,,,,,,,,,,,,,,,,,,,,,,,
,,,,,82.6,,,,,,,,,,gpt-4-turbo-2024-04-09,,,,,,,,,,,,,,,,,,,,,,,,,,,,,,,,,,,,,,,,,,,,,,,,,,,,,,,,,,
,,,,,84.9,,,,,,,,,,llama-3.1-nemotron-70b-instruct,,,,,,,,,,,,,,,,,,,,,,,,,,,,,,,,,,,,,,,,,,,,,,,,,,,,,,,,,,
,,,,,85.0,,,,,,,,,,athene-v2-chat,,,,,,,,,,,,,,,,,,,,,,,,,,,,,,,,,,,,,,,,,,,,,,,,,,,,,,,,,,
,,,,,85.2,,,,,,,,,,claude-3-5-sonnet-2024-10-22,,,,,,,,,,,,,,,,,,,,,,,,,,,,,,,,,,,,,,,,,,,,,,,,,,,,,,,,,,
,,,,,90.4,,,,,,,,,,o1-preview-2024-09-12,,,,,,,,,,,,,,,,,,,,,,,,,,,,,,,,,,,,,,,,,,,,,,,,,,,,,,,,,,
,,,,,92.0,,,,,,,,,,o1-mini-2024-09-12,,,,,,,,,,,,,,,,,,,,,,,,,,,,,,,,,,,,,,,,,,,,,,,,,,,,,,,,,,
,,,,,,,,,,,,,,,Meta Movie Gen,,,,,,,,,,,,,,,,,,,,,,,,Veo preferred,53.80%,,,,,,,,,,,,,,,,,,,,,,,,,,,,,,,,,
,,,,,,,,,,,,,,,Meta Movie Gen,,,,,,,,,,,,,,,,,,,,,,,,Ties,15.60%,,,,,,,,,,,,,,,,,,,,,,,,,,,,,,,,,
,,,,,,,,,,,,,,,Meta Movie Gen,,,,,,,,,,,,,,,,,,,,,,,,Other preferred,30.60%,,,,,,,,,,,,,,,,,,,,,,,,,,,,,,,,,
,,,,,,,,,,,,,,,Kling v1.5,,,,,,,,,,,,,,,,,,,,,,,,Veo preferred,49.50%,,,,,,,,,,,,,,,,,,,,,,,,,,,,,,,,,
,,,,,,,,,,,,,,,Kling v1.5,,,,,,,,,,,,,,,,,,,,,,,,Ties,17.80%,,,,,,,,,,,,,,,,,,,,,,,,,,,,,,,,,
,,,,,,,,,,,,,,,Kling v1.5,,,,,,,,,,,,,,,,,,,,,,,,Other preferred,32.60%,,,,,,,,,,,,,,,,,,,,,,,,,,,,,,,,,
,,,,,,,,,,,,,,,Minimax,,,,,,,,,,,,,,,,,,,,,,,,Veo preferred,54.50%,,,,,,,,,,,,,,,,,,,,,,,,,,,,,,,,,
,,,,,,,,,,,,,,,Minimax,,,,,,,,,,,,,,,,,,,,,,,,Ties,15.20%,,,,,,,,,,,,,,,,,,,,,,,,,,,,,,,,,
,,,,,,,,,,,,,,,Minimax,,,,,,,,,,,,,,,,,,,,,,,,Other preferred,30.30%,,,,,,,,,,,,,,,,,,,,,,,,,,,,,,,,,
,,,,,,,,,,,,,,,Sora Turbo,,,,,,,,,,,,,,,,,,,,,,,,Veo preferred,58.80%,,,,,,,,,,,,,,,,,,,,,,,,,,,,,,,,,
,,,,,,,,,,,,,,,Sora Turbo,,,,,,,,,,,,,,,,,,,,,,,,Ties,14.50%,,,,,,,,,,,,,,,,,,,,,,,,,,,,,,,,,
,,,,,,,,,,,,,,,Sora Turbo,,,,,,,,,,,,,,,,,,,,,,,,Other preferred,26.70%,,,,,,,,,,,,,,,,,,,,,,,,,,,,,,,,,
,,,,,,,2018.0,,,,,,,,,,,,,,,,,,,,,,,,,,,,,,,,,,44.0,,,,,,,,,,,,,,,,,,,,,,,,,,,,,,,,
,,,,,,,2019.0,,,,,,,,,,,,,,,,,,,,,,,,,,,,,,,,,,66.8,,,,,,,,,,,,,,,,,,,,,,,,,,,,,,,,
,,,,,,,2020.0,,,,,,,,,,,,,,,,,,,,,,,,,,,,,,,,,,70.8,,,,,,,,,,,,,,,,,,,,,,,,,,,,,,,,
,,,,,,,2021.0,,,,,,,,,,,,,,,,,,,,,,,,,,,,,,,,,,72.0,,,,,,,,,,,,,,,,,,,,,,,,,,,,,,,,
,,,,,,,2022.0,,,,,,,,,,,,,,,,,,,,,,,,,,,,,,,,,,75.6,,,,,,,,,,,,,,,,,,,,,,,,,,,,,,,,
,,,,,,,2023.0,,,,,,,,,,,,,,,,,,,,,,,,,,,,,,,,,,81.6,,,,,,,,,,,,,,,,,,,,,,,,,,,,,,,,
,,,,,,,2024.0,,,,,,,,,,,,,,,,,,,,,,,,,,,,,,,,,,85.0,,,,,,,,,,,,,,,,,,,,,,,,,,,,,,,,
,,,,,,,,,,,,,,,interlm-7b,,,,,,,,,,,,,,,,,,,48.70%,,,,,,,,,,,,,,,,,,,,,,,,,,,,,,,,,,,,,,,
,,,,,,,,,,,,,,,vicuna-7b-delta-v0,,,,,,,,,,,,,,,,,,,50.90%,,,,,,,,,,,,,,,,,,,,,,,,,,,,,,,,,,,,,,,
,,,,,,,,,,,,,,,VideoChat2,,,,,,,,,,,,,,,,,,,51.10%,,,,,,,,,,,,,,,,,,,,,,,,,,,,,,,,,,,,,,,
,,,,,,,,,,,,,,,Kwai-VideoLLM,,,,,,,,,,,,,,,,,,,54.73%,,,,,,,,,,,,,,,,,,,,,,,,,,,,,,,,,,,,,,,
,,,,,,,,,,,,,,,ST-LLM,,,,,,,,,,,,,,,,,,,54.85%,,,,,,,,,,,,,,,,,,,,,,,,,,,,,,,,,,,,,,,
,,,,,,,,,,,,,,,PLLaVA 34B,,,,,,,,,,,,,,,,,,,58.10%,,,,,,,,,,,,,,,,,,,,,,,,,,,,,,,,,,,,,,,
,,,,,,,,,,,,,,,CVLM,,,,,,,,,,,,,,,,,,,58.78%,,,,,,,,,,,,,,,,,,,,,,,,,,,,,,,,,,,,,,,
,,,,,,,,,,,,,,,VideoChat2_mistral,,,,,,,,,,,,,,,,,,,60.40%,,,,,,,,,,,,,,,,,,,,,,,,,,,,,,,,,,,,,,,
,,,,,,,,,,,,,,,VideoChat2_HD_mistral,,,,,,,,,,,,,,,,,,,62.30%,,,,,,,,,,,,,,,,,,,,,,,,,,,,,,,,,,,,,,,
,,,,,,,,,,,,,,,Video-CCAM-4B-v1.1,,,,,,,,,,,,,,,,,,,62.80%,,,,,,,,,,,,,,,,,,,,,,,,,,,,,,,,,,,,,,,
,,,,,,,,,,,,,,,Video-CCAM-9B-v1.1,,,,,,,,,,,,,,,,,,,64.60%,,,,,,,,,,,,,,,,,,,,,,,,,,,,,,,,,,,,,,,
,,,,,,,,,,,,,,,JT-VL-Chat,,,,,,,,,,,,,,,,,,,65.35%,,,,,,,,,,,,,,,,,,,,,,,,,,,,,,,,,,,,,,,
,,,,,,,,,,,,,,,InternVideo2-8B-HD-Chat-f16,,,,,,,,,,,,,,,,,,,67.25%,,,,,,,,,,,,,,,,,,,,,,,,,,,,,,,,,,,,,,,
,,,,,,,,,,,,,,,TimeMarker,,,,,,,,,,,,,,,,,,,67.43%,,,,,,,,,,,,,,,,,,,,,,,,,,,,,,,,,,,,,,,
,,,,,,,,,,,,,,,Video-CCAM-7B-v1.2,,,,,,,,,,,,,,,,,,,69.23%,,,,,,,,,,,,,,,,,,,,,,,,,,,,,,,,,,,,,,,
,,,,,,,,,,,,,,,,,,,,,,,,,,,,,,,Pixtral-Large-2411,,,,,1159.0,1169.0,1148.0,,,,,,,,,,,,,,,,,,,,,,,,,,,,,,,,,,,
,,,,,,,,,,,,,,,,,,,,,,,,,,,,,,,Claude 3.5 Sonnet (20241022),,,,,1183.0,1189.0,1176.0,,,,,,,,,,,,,,,,,,,,,,,,,,,,,,,,,,,
,,,,,,,,,,,,,,,,,,,,,,,,,,,,,,,Claude 3.5 Sonnet (20240620),,,,,1189.0,1194.0,1185.0,,,,,,,,,,,,,,,,,,,,,,,,,,,,,,,,,,,
,,,,,,,,,,,,,,,,,,,,,,,,,,,,,,,Gemini-1.5-Flash-002,,,,,1205.0,1212.0,1199.0,,,,,,,,,,,,,,,,,,,,,,,,,,,,,,,,,,,
,,,,,,,,,,,,,,,,,,,,,,,,,,,,,,,GPT-4o-2024-05-13,,,,,1206.0,1212.0,1202.0,,,,,,,,,,,,,,,,,,,,,,,,,,,,,,,,,,,
,,,,,,,,,,,,,,,,,,,,,,,,,,,,,,,Gemini-1.5-Pro-002,,,,,1221.0,1227.0,1215.0,,,,,,,,,,,,,,,,,,,,,,,,,,,,,,,,,,,
,,,,,,,,,,,,,,,,,,,,,,,,,,,,,,,ChatGPT-4o-latest (2024-11-20),,,,,1227.0,1234.0,1220.0,,,,,,,,,,,,,,,,,,,,,,,,,,,,,,,,,,,
,,,,,,,,,,,,,,,,,,,,,,,,,,,,,,,Gemini-Exp-1206,,,,,1239.0,1250.0,1226.0,,,,,,,,,,,,,,,,,,,,,,,,,,,,,,,,,,,
,,,,,,,,,,,,,,,,,,,,,,,,,,,,,,,Gemini-2.0-Flash-Exp,,,,,1257.0,1268.0,1246.0,,,,,,,,,,,,,,,,,,,,,,,,,,,,,,,,,,,
,,,,,,,,,,,,,,,,,,,,,,,,,,,,,,,Gemini-2.0-Flash-Thinking-Exp-1219,,,,,1271.0,1285.0,1254.0,,,,,,,,,,,,,,,,,,,,,,,,,,,,,,,,,,,
2018,,,,,,,,,,,,,,,,,,,,,,,,,,,,,,,,,,,,,,,,,,8.20%,,,,,,,,,,,,,,,,,,,,,,,,,,,,,,,
2020,,,,,,,,,,,,,,,,,,,,,,,,,,,,,,,,,,,,,,,,,,6.70%,,,,,,,,,,,,,,,,,,,,,,,,,,,,,,,
2021,,,,,,,,,,,,,,,,,,,,,,,,,,,,,,,,,,,,,,,,,,3.90%,,,,,,,,,,,,,,,,,,,,,,,,,,,,,,,
2022,,,,,,,,,,,,,,,,,,,,,,,,,,,,,,,,,,,,,,,,,,2.70%,,,,,,,,,,,,,,,,,,,,,,,,,,,,,,,
2023,,,,,,,,,,,,,,,,,,,,,,,,,,,,,,,,,,,,,,,,,,1.50%,,,,,,,,,,,,,,,,,,,,,,,,,,,,,,,
2024,,,,,,,,,,,,,,,,,,,,,,,,,,,,,,,,,,,,,,,,,,1.30%,,,,,,,,,,,,,,,,,,,,,,,,,,,,,,,
,,,,,,,2021.0,,,,,,,,,,,,,,,,,,,,,,,,"Codex-S 12B (fine-tuned, zero-shot)",,,,,,,,,,,,32%,,,,,,,,,,,,,,,,,,,,,,,,,,,,,,
,,,,,,,2022.0,,,,,,,,,,,,,,,,,,,,,,,,Parsel (GPT-4 + CodeT),,,,,,,,,,,,85%,,,,,,,,,,,,,,,,,,,,,,,,,,,,,,
,,,,,,,2023.0,,,,,,,,,,,,,,,,,,,,,,,,AgentCoder (GPT-4),,,,,,,,,,,,96%,,,,,,,,,,,,,,,,,,,,,,,,,,,,,,
,,,,,,,2024.0,,,,,,,,,,,,,,,,,,,,,,,,Claude 3.5 Sonnet,,,,,,,,,,,,100%,,,,,,,,,,,,,,,,,,,,,,,,,,,,,,
,,,,,,,,,,,,,,,Agentless-1.5 +<br>Claude-3.5 Sonnet (2024-10-22),,,,,,,,,,,,,,,,,,,,,,,,Lite,,,,,40.67%,,,,,,,,,,,,,,,,,,,,,,,,,,,,,
,,,,,,,,,,,,,,,Composio SWE-Kit (2024-10-30),,,,,,,,,,,,,,,,,,,,,,,,Lite,,,,,41.00%,,,,,,,,,,,,,,,,,,,,,,,,,,,,,
,,,,,,,,,,,,,,,PatchKitty-0.9 +<br>Claude-3.5 Sonnet (2024-10-22),,,,,,,,,,,,,,,,,,,,,,,,Lite,,,,,41.33%,,,,,,,,,,,,,,,,,,,,,,,,,,,,,
,,,,,,,,,,,,,,,OpenHands + CodeAct v2.1<br>(claude-3-5-sonnet-2024-10-22),,,,,,,,,,,,,,,,,,,,,,,,Lite,,,,,41.67%,,,,,,,,,,,,,,,,,,,,,,,,,,,,,
,,,,,,,,,,,,,,,Kodu-v1 + <br>Claude-3.5 Sonnet (2024-10-22),,,,,,,,,,,,,,,,,,,,,,,,Lite,,,,,44.67%,,,,,,,,,,,,,,,,,,,,,,,,,,,,,
,,,,,,,,,,,,,,,devlo,,,,,,,,,,,,,,,,,,,,,,,,Lite,,,,,47.33%,,,,,,,,,,,,,,,,,,,,,,,,,,,,,
,,,,,,,,,,,,,,,Globant Code Fixer Agent,,,,,,,,,,,,,,,,,,,,,,,,Lite,,,,,48.33%,,,,,,,,,,,,,,,,,,,,,,,,,,,,,
,,,,,,,,,,,,,,,Gru (2024-12-08),,,,,,,,,,,,,,,,,,,,,,,,Lite,,,,,48.67%,,,,,,,,,,,,,,,,,,,,,,,,,,,,,
,,,,,,,,,,,,,,,Blackbox AI Agent,,,,,,,,,,,,,,,,,,,,,,,,Lite,,,,,49.00%,,,,,,,,,,,,,,,,,,,,,,,,,,,,,
,,,,,,,,,,,,,,,Isoform,,,,,,,,,,,,,,,,,,,,,,,,Lite,,,,,55.00%,,,,,,,,,,,,,,,,,,,,,,,,,,,,,
,,,,,,,,,,,,,,,Bracket.sh,,,,,,,,,,,,,,,,,,,,,,,,Verified,,,,,53.20%,,,,,,,,,,,,,,,,,,,,,,,,,,,,,
,,,,,,,,,,,,,,,Amazon Q Developer Agent<br>(v2024-12-02-dev),,,,,,,,,,,,,,,,,,,,,,,,Verified,,,,,55.00%,,,,,,,,,,,,,,,,,,,,,,,,,,,,,
,,,,,,,,,,,,,,,EPAM AI/Run Developer<br>Agent v2024-12-12 +<br>Anthopic Claude 3.5 Sonnet,,,,,,,,,,,,,,,,,,,,,,,,Verified,,,,,55.40%,,,,,,,,,,,,,,,,,,,,,,,,,,,,,
,,,,,,,,,,,,,,,Gru (2024-12-08) ,,,,,,,,,,,,,,,,,,,,,,,,Verified,,,,,57.00%,,,,,,,,,,,,,,,,,,,,,,,,,,,,,
,,,,,,,,,,,,,,,Emergent E1 (v2024-12-23),,,,,,,,,,,,,,,,,,,,,,,,Verified,,,,,57.20%,,,,,,,,,,,,,,,,,,,,,,,,,,,,,
,,,,,,,,,,,,,,, devlo,,,,,,,,,,,,,,,,,,,,,,,,Verified,,,,,58.20%,,,,,,,,,,,,,,,,,,,,,,,,,,,,,
,,,,,,,,,,,,,,,Learn-by-interact,,,,,,,,,,,,,,,,,,,,,,,,Verified,,,,,60.20%,,,,,,,,,,,,,,,,,,,,,,,,,,,,,
,,,,,,,,,,,,,,,CodeStory Midwit Agent +<br>swe-search,,,,,,,,,,,,,,,,,,,,,,,,Verified,,,,,62.20%,,,,,,,,,,,,,,,,,,,,,,,,,,,,,
,,,,,,,,,,,,,,, Blackbox AI Agent,,,,,,,,,,,,,,,,,,,,,,,,Verified,,,,,62.80%,,,,,,,,,,,,,,,,,,,,,,,,,,,,,
,,,,,,,,,,,,,,,W&B Programmer O1 crosscheck5,,,,,,,,,,,,,,,,,,,,,,,,Verified,,,,,64.60%,,,,,,,,,,,,,,,,,,,,,,,,,,,,,
,,,,,,,,,,,,,,,o3,,,,,,,,,,,,,,,,,,,,,,,,Verified,,,,,71.70%,,,,,,,,,,,,,,,,,,,,,,,,,,,,,
,,,,,,,,,,,,,,,Qwen2.5-Coder-32B-Instruct,,,,,,,,,,,,,,,,,,,,,,,,,,,,,,30.8,,,,,,,,,,,,,,,,,,,,,,,,,,,,
,,,,,,,,,,,,,,,GPT-4o-2024-11-20,,,,,,,,,,,,,,,,,,,,,,,,,,,,,,31.1,,,,,,,,,,,,,,,,,,,,,,,,,,,,
,,,,,,,,,,,,,,,Athene-V2-Agent,,,,,,,,,,,,,,,,,,,,,,,,,,,,,,31.4,,,,,,,,,,,,,,,,,,,,,,,,,,,,
,,,,,,,,,,,,,,,Athene-V2-Chat,,,,,,,,,,,,,,,,,,,,,,,,,,,,,,32.1,,,,,,,,,,,,,,,,,,,,,,,,,,,,
,,,,,,,,,,,,,,,GPT-4-Turbo-2024-04-09,,,,,,,,,,,,,,,,,,,,,,,,,,,,,,32.1,,,,,,,,,,,,,,,,,,,,,,,,,,,,
,,,,,,,,,,,,,,,"o1-2024-12-17<br>(temperature=1, reasoning=medium)",,,,,,,,,,,,,,,,,,,,,,,,,,,,,,32.8,,,,,,,,,,,,,,,,,,,,,,,,,,,,
,,,,,,,,,,,,,,,DeepSeek-V3-Chat,,,,,,,,,,,,,,,,,,,,,,,,,,,,,,33.8,,,,,,,,,,,,,,,,,,,,,,,,,,,,
,,,,,,,,,,,,,,,Gemini-Exp-1206,,,,,,,,,,,,,,,,,,,,,,,,,,,,,,34.1,,,,,,,,,,,,,,,,,,,,,,,,,,,,
,,,,,,,,,,,,,,,"o1-2024-12-17<br>(temperature=1, reasoning=low)",,,,,,,,,,,,,,,,,,,,,,,,,,,,,,34.5,,,,,,,,,,,,,,,,,,,,,,,,,,,,
,,,,,,,,,,,,,,,"o1-2024-12-17<br>(temperature=1, reasoning=high)",,,,,,,,,,,,,,,,,,,,,,,,,,,,,,35.5,,,,,,,,,,,,,,,,,,,,,,,,,,,,
,,,,,,,,,,,,,,,Gemini-2.0-Flash-Exp,,,,,,,,,,,,,,,,,,,,,,,,,,,,,,52.9,,,,,,,,,,,,,,,,,,,,,,,,,,,,
,,,,,,,,,,,,,,,GPT-4-Turbo-2024-04-09,,,,,,,,,,,,,,,,,,,,,,,,,,,,,,53.2,,,,,,,,,,,,,,,,,,,,,,,,,,,,
,,,,,,,,,,,,,,,Qwen2.5-Coder-32B-Instruct,,,,,,,,,,,,,,,,,,,,,,,,,,,,,,53.5,,,,,,,,,,,,,,,,,,,,,,,,,,,,
,,,,,,,,,,,,,,,GPT-4o-2024-11-20,,,,,,,,,,,,,,,,,,,,,,,,,,,,,,53.5,,,,,,,,,,,,,,,,,,,,,,,,,,,,
,,,,,,,,,,,,,,,DeepSeek-Coder-V2-Instruct,,,,,,,,,,,,,,,,,,,,,,,,,,,,,,54.0,,,,,,,,,,,,,,,,,,,,,,,,,,,,
,,,,,,,,,,,,,,,DeepSeek-V2-Chat (2024-06-28),,,,,,,,,,,,,,,,,,,,,,,,,,,,,,54.1,,,,,,,,,,,,,,,,,,,,,,,,,,,,
,,,,,,,,,,,,,,,Gemini-Exp-1114,,,,,,,,,,,,,,,,,,,,,,,,,,,,,,54.2,,,,,,,,,,,,,,,,,,,,,,,,,,,,
,,,,,,,,,,,,,,,Gemini-Exp-1206,,,,,,,,,,,,,,,,,,,,,,,,,,,,,,54.7,,,,,,,,,,,,,,,,,,,,,,,,,,,,
,,,,,,,,,,,,,,,DeepSeek-V3-Chat,,,,,,,,,,,,,,,,,,,,,,,,,,,,,,56.1,,,,,,,,,,,,,,,,,,,,,,,,,,,,
,,,,,,,,,,,,,,,GPT-4o-2024-05-13,,,,,,,,,,,,,,,,,,,,,,,,,,,,,,56.1,,,,,,,,,,,,,,,,,,,,,,,,,,,,
,,,,,,,,,,,,,,,,,,,,,,,,,,,,,,,Qwen2.5-plus-1127,,,,,1310.0,1325.0,1292.0,,,,,,,,,,,,,,,,,,,,,,,,,,,,,,,,,,,
,,,,,,,,,,,,,,,,,,,,,,,,,,,,,,,DeepSeek-V3,,,,,1317.0,1334.0,1301.0,,,,,,,,,,,,,,,,,,,,,,,,,,,,,,,,,,,
,,,,,,,,,,,,,,,,,,,,,,,,,,,,,,,Claude 3.5 Sonnet (20241022),,,,,1324.0,1331.0,1316.0,,,,,,,,,,,,,,,,,,,,,,,,,,,,,,,,,,,
,,,,,,,,,,,,,,,,,,,,,,,,,,,,,,,Gemini-2.0-Flash-Thinking-Exp-1219,,,,,1345.0,1356.0,1335.0,,,,,,,,,,,,,,,,,,,,,,,,,,,,,,,,,,,
,,,,,,,,,,,,,,,,,,,,,,,,,,,,,,,Gemini-2.0-Flash-Exp,,,,,1350.0,1358.0,1340.0,,,,,,,,,,,,,,,,,,,,,,,,,,,,,,,,,,,
,,,,,,,,,,,,,,,,,,,,,,,,,,,,,,,ChatGPT-4o-latest (2024-11-20),,,,,1351.0,1359.0,1344.0,,,,,,,,,,,,,,,,,,,,,,,,,,,,,,,,,,,
,,,,,,,,,,,,,,,,,,,,,,,,,,,,,,,o1-preview,,,,,1355.0,1363.0,1347.0,,,,,,,,,,,,,,,,,,,,,,,,,,,,,,,,,,,
,,,,,,,,,,,,,,,,,,,,,,,,,,,,,,,o1-mini,,,,,1359.0,1366.0,1353.0,,,,,,,,,,,,,,,,,,,,,,,,,,,,,,,,,,,
,,,,,,,,,,,,,,,,,,,,,,,,,,,,,,,o1-2024-12-17,,,,,1365.0,1388.0,1348.0,,,,,,,,,,,,,,,,,,,,,,,,,,,,,,,,,,,
,,,,,,,,,,,,,,,,,,,,,,,,,,,,,,,Gemini-Exp-1206,,,,,1370.0,1381.0,1359.0,,,,,,,,,,,,,,,,,,,,,,,,,,,,,,,,,,,
,,,,,,,2022.0,,,,,,,,,,,,,,,,,,,,,,,,Minerva 62B (maj5@100),,,,,,,,,,,,,,,89.00%,,,,,,,,,,,,,,,,,,,,,,,,,,,
,,,,,,,2023.0,,,,,,,,,,,,,,,,,,,,,,,,PaLM 2 (few-shot k=8 SC),,,,,,,,,,,,,,,91.00%,,,,,,,,,,,,,,,,,,,,,,,,,,,
,,,,,,,2024.0,,,,,,,,,,,,,,,,,,,,,,,,Claude 3.5 Sonnet (HPT),,,,,,,,,,,,,,,97.72%,,,,,,,,,,,,,,,,,,,,,,,,,,,
,,,,,,,2021.0,,,,,,,,,,,,,,,,,,,,,,,,GPT-2 (1.5B),,,,,,,,,,,,,,,,6.90%,,,,,,,,,,,,,,,,,,,,,,,,,,
,,,,,,,2022.0,,,,,,,,,,,,,,,,,,,,,,,,"GPT-4 model (w/ code, PAL)",,,,,,,,,,,,,,,,51.80%,,,,,,,,,,,,,,,,,,,,,,,,,,
,,,,,,,2023.0,,,,,,,,,,,,,,,,,,,,,,,,"GPT-4-code model (CSV, w/ code, SC, k=16)",,,,,,,,,,,,,,,,84.30%,,,,,,,,,,,,,,,,,,,,,,,,,,
,,,,,,,2024.0,,,,,,,,,,,,,,,,,,,,,,,,Gemini 2.0 Flash Experimental,,,,,,,,,,,,,,,,89.70%,,,,,,,,,,,,,,,,,,,,,,,,,,
,,,,,,,2025.0,,,,,,,,,,,,,,,,,,,,,,,,o3-mini high,,,,,,,,,,,,,,,,97.90%,,,,,,,,,,,,,,,,,,,,,,,,,,
,,,,,,,,,,,,,,,,,,,,,,,,,,,,,,,Claude 3.5 Sonnet (20241022),,,,,1276.0,1286.0,1266.0,,,,,,,,,,,,,,,,,,,,,,,,,,,,,,,,,,,
,,,,,,,,,,,,,,,,,,,,,,,,,,,,,,,Gemini-1.5-Pro-002,,,,,1280.0,1287.0,1271.0,,,,,,,,,,,,,,,,,,,,,,,,,,,,,,,,,,,
,,,,,,,,,,,,,,,,,,,,,,,,,,,,,,,DeepSeek-V3,,,,,1284.0,1302.0,1270.0,,,,,,,,,,,,,,,,,,,,,,,,,,,,,,,,,,,
,,,,,,,,,,,,,,,,,,,,,,,,,,,,,,,ChatGPT-4o-latest (2024-11-20),,,,,1287.0,1296.0,1280.0,,,,,,,,,,,,,,,,,,,,,,,,,,,,,,,,,,,
,,,,,,,,,,,,,,,,,,,,,,,,,,,,,,,Gemini-2.0-Flash-Exp,,,,,1304.0,1314.0,1291.0,,,,,,,,,,,,,,,,,,,,,,,,,,,,,,,,,,,
,,,,,,,,,,,,,,,,,,,,,,,,,,,,,,,Gemini-Exp-1206,,,,,1321.0,1332.0,1307.0,,,,,,,,,,,,,,,,,,,,,,,,,,,,,,,,,,,
,,,,,,,,,,,,,,,,,,,,,,,,,,,,,,,Gemini-2.0-Flash-Thinking-Exp-1219,,,,,1329.0,1342.0,1316.0,,,,,,,,,,,,,,,,,,,,,,,,,,,,,,,,,,,
,,,,,,,,,,,,,,,,,,,,,,,,,,,,,,,o1-mini,,,,,1329.0,1337.0,1317.0,,,,,,,,,,,,,,,,,,,,,,,,,,,,,,,,,,,
,,,,,,,,,,,,,,,,,,,,,,,,,,,,,,,o1-preview,,,,,1340.0,1348.0,1330.0,,,,,,,,,,,,,,,,,,,,,,,,,,,,,,,,,,,
,,,,,,,,,,,,,,,,,,,,,,,,,,,,,,,o1-2024-12-17,,,,,1364.0,1385.0,1345.0,,,,,,,,,,,,,,,,,,,,,,,,,,,,,,,,,,,
,,,,,,,,,,,,,,,Grok 2 Beta,,,,,,,,,,,,,,,,,,,,,,,,,,,,,,,,,0.00%,,,,,,,,,,,,,,,,,,,,,,,,,
,,,,,,,,,,,,,,,GPT-4o (2024-08-06),,,,,,,,,,,,,,,,,,,,,,,,,,,,,,,,,1.00%,,,,,,,,,,,,,,,,,,,,,,,,,
,,,,,,,,,,,,,,,o1-preview,,,,,,,,,,,,,,,,,,,,,,,,,,,,,,,,,1.00%,,,,,,,,,,,,,,,,,,,,,,,,,
,,,,,,,,,,,,,,,Claude 3.5 Sonnet (2024-10-22),,,,,,,,,,,,,,,,,,,,,,,,,,,,,,,,,2.00%,,,,,,,,,,,,,,,,,,,,,,,,,
,,,,,,,,,,,,,,,Gemini 1.5 Pro (002),,,,,,,,,,,,,,,,,,,,,,,,,,,,,,,,,2.00%,,,,,,,,,,,,,,,,,,,,,,,,,
,,,,,,,,,,,,,,,o3,,,,,,,,,,,,,,,,,,,,,,,,,,,,,,,,,25.20%,,,,,,,,,,,,,,,,,,,,,,,,,
,,,,,,,,,,,,,,,,,,,,,,,,,,,,,,,,,,,,,,,,,,,,,,,,,Wu’s method,10.0,,,,,,,,,,,,,,,,,,,,,,,
,,,,,,,,,,,,,,,,,,,,,,,,,,,,,,,,,,,,,,,,,,,,,,,,,Honorable mentions,14.27,,,,,,,,,,,,,,,,,,,,,,,
,,,,,,,,,,,,,,,,,,,,,,,,,,,,,,,,,,,,,,,,,,,,,,,,,Bronze medalist,19.29,,,,,,,,,,,,,,,,,,,,,,,
,,,,,,,,,,,,,,,,,,,,,,,,,,,,,,,,,,,,,,,,,,,,,,,,,Silver medalist,22.85,,,,,,,,,,,,,,,,,,,,,,,
,,,,,,,,,,,,,,,,,,,,,,,,,,,,,,,,,,,,,,,,,,,,,,,,,AlphaGeometry,25.0,,,,,,,,,,,,,,,,,,,,,,,
,,,,,,,,,,,,,,,,,,,,,,,,,,,,,,,,,,,,,,,,,,,,,,,,,Gold medalist,25.93,,,,,,,,,,,,,,,,,,,,,,,
,,,,,,,2023.0,,,,,,,,,,,,,,,,,,,,,,,,Gemini 1.0 Ultra,,,,,,,,,,,,,,,,59.40%,,,,,,,,,,,,,,,,,,,,,,,,,,
,,,,,,,2024.0,,,,,,,,,,,,,,,,,,,,,,,,o1,,,,,,,,,,,,,,,,78.20%,,,,,,,,,,,,,,,,,,,,,,,,,,
,,,,,,,2023.0,,,,,,,,,,,,,,,,,,,,,,,,GPT-4 with search<br>(backoff to CoT on abstention),,,,,,,,,,,,,,,,38.80%,,,,,,,,,,,,,,,,,,,,,,,,,,
,,,,,,,2024.0,,,,,,,,,,,,,,,,,,,,,,,,o3,,,,,,,,,,,,,,,,87.70%,,,,,,,,,,,,,,,,,,,,,,,,,,
,,,,,,,2019.0,,,,,,,,,,,,,,,,,,,,,,,,,,,,,,,,,,,,,,,,,,,,0.00%,,,,,,,,,,,,,,,,,,,,,,
,,,,,,,2020.0,,,,,,,,,,,,,,,,,,,,,,,,,,,,,,,,,,,,,,,,,,,,20.60%,,,,,,,,,,,,,,,,,,,,,,
,,,,,,,2022.0,,,,,,,,,,,,,,,,,,,,,,,,,,,,,,,,,,,,,,,,,,,,28.50%,,,,,,,,,,,,,,,,,,,,,,
,,,,,,,2023.0,,,,,,,,,,,,,,,,,,,,,,,,,,,,,,,,,,,,,,,,,,,,31.40%,,,,,,,,,,,,,,,,,,,,,,
,,,,,,,2024.0,,,,,,,,,,,,,,,,,,,,,,,,,,,,,,,,,,,,,,,,,,,,34.30%,,,,,,,,,,,,,,,,,,,,,,
,,,,,,,2024.0,,,,,,,,,,,,,,,,,,,,,,,,,,,,,,,,,,,,,,,,,,,,75.70%,,,,,,,,,,,,,,,,,,,,,,
,,,,,,,,,,,,,,,GPT-4o,,,,,,,,,,,,,,,,,,,,,,,,,,,,,,,,,,,,,3.10%,,,,,,,,,,,,,,,,,,,,,
,,,,,,,,,,,,,,,Grok-2,,,,,,,,,,,,,,,,,,,,,,,,,,,,,,,,,,,,,3.90%,,,,,,,,,,,,,,,,,,,,,
,,,,,,,,,,,,,,,Clause 3.5 Sonnet,,,,,,,,,,,,,,,,,,,,,,,,,,,,,,,,,,,,,4.80%,,,,,,,,,,,,,,,,,,,,,
,,,,,,,,,,,,,,,Gemini 1.5 Pro,,,,,,,,,,,,,,,,,,,,,,,,,,,,,,,,,,,,,5.20%,,,,,,,,,,,,,,,,,,,,,
,,,,,,,,,,,,,,,Gemini 2.0 Flash Thinking,,,,,,,,,,,,,,,,,,,,,,,,,,,,,,,,,,,,,7.20%,,,,,,,,,,,,,,,,,,,,,
,,,,,,,,,,,,,,,o1,,,,,,,,,,,,,,,,,,,,,,,,,,,,,,,,,,,,,8.80%,,,,,,,,,,,,,,,,,,,,,
,,,,,,,,,,,,,,,,,,,,,,,,,,,,,,,Claude 3.5 (Sonnet),,,,,,,,,,,,,,,,,,,,,,Blocksworld,zero shot,54.80%,,,,,,,,,,,,,,,,,,
,,,,,,,,,,,,,,,,,,,,,,,,,,,,,,,GPT-4o,,,,,,,,,,,,,,,,,,,,,,Blocksworld,zero shot,35.50%,,,,,,,,,,,,,,,,,,
,,,,,,,,,,,,,,,,,,,,,,,,,,,,,,,LLama 3.1 405B,,,,,,,,,,,,,,,,,,,,,,Blocksworld,zero shot,62.60%,,,,,,,,,,,,,,,,,,
,,,,,,,,,,,,,,,,,,,,,,,,,,,,,,,Gemini 1.5 Pro,,,,,,,,,,,,,,,,,,,,,,Blocksworld,zero shot,23.80%,,,,,,,,,,,,,,,,,,
,,,,,,,,,,,,,,,,,,,,,,,,,,,,,,,o1-preview,,,,,,,,,,,,,,,,,,,,,,Blocksworld,zero shot,97.80%,,,,,,,,,,,,,,,,,,
,,,,,,,,,,,,,,,,,,,,,,,,,,,,,,,Claude 3.5 (Sonnet),,,,,,,,,,,,,,,,,,,,,,Mystery Blocksworld,zero shot,0.00%,,,,,,,,,,,,,,,,,,
,,,,,,,,,,,,,,,,,,,,,,,,,,,,,,,GPT-4o,,,,,,,,,,,,,,,,,,,,,,Mystery Blocksworld,zero shot,0.00%,,,,,,,,,,,,,,,,,,
,,,,,,,,,,,,,,,,,,,,,,,,,,,,,,,LLama 3.1 405B,,,,,,,,,,,,,,,,,,,,,,Mystery Blocksworld,zero shot,8.00%,,,,,,,,,,,,,,,,,,
,,,,,,,,,,,,,,,,,,,,,,,,,,,,,,,Gemini 1.5 Pro,,,,,,,,,,,,,,,,,,,,,,Mystery Blocksworld,zero shot,-,,,,,,,,,,,,,,,,,,
,,,,,,,,,,,,,,,,,,,,,,,,,,,,,,,o1-preview,,,,,,,,,,,,,,,,,,,,,,Mystery Blocksworld,zero shot,52.80%,,,,,,,,,,,,,,,,,,
,,,,,,,,,,,,,,,,,,,,,,,,,,,,,,,gemini-1.0-pro |58,,,,,,,,,,,,,,,,,,,,,,,,,6.3,,,,,,,,,,,,,,,,,
,,,,,,,,,,,,,,,,,,,,,,,,,,,,,,,LLaVA-1.5,,,,,,,,,,,,,,,,,,,,,,,,,7.7,,,,,,,,,,,,,,,,,
,,,,,,,,,,,,,,,,,,,,,,,,,,,,,,,CogVLM,,,,,,,,,,,,,,,,,,,,,,,,,8.4,,,,,,,,,,,,,,,,,
,,,,,,,,,,,,,,,,,,,,,,,,,,,,,,,(Fine-tuning) CogAgent,,,,,,,,,,,,,,,,,,,,,,,,,8.9,,,,,,,,,,,,,,,,,
,,,,,,,,,,,,,,,,,,,,,,,,,,,,,,, LMMs CogVLM2,,,,,,,,,,,,,,,,,,,,,,,,,10.3,,,,,,,,,,,,,,,,,
,,,,,,,,,,,,,,,,,,,,,,,,,,,,,,,LLaVA-NeXT,,,,,,,,,,,,,,,,,,,,,,,,,10.5,,,,,,,,,,,,,,,,,
,,,,,,,,,,,,,,,,,,,,,,,,,,,,,,,GLM-4V,,,,,,,,,,,,,,,,,,,,,,,,,12.0,,,,,,,,,,,,,,,,,
,,,,,,,,,,,,,,,,,,,,,,,,,,,,,,,InternVL-2,,,,,,,,,,,,,,,,,,,,,,,,,16.0,,,,,,,,,,,,,,,,,
,,,,,,,,,,,,,,,,,,,,,,,,,,,,,,,gemini-1.5-pro |48,,,,,,,,,,,,,,,,,,,,,,,,,19.8,,,,,,,,,,,,,,,,,
,,,,,,,,,,,,,,,,,,,,,,,,,,,,,,,(Prompting) gpt-4o-mini-2024-07-18,,,,,,,,,,,,,,,,,,,,,,,,,20.5,,,,,,,,,,,,,,,,,
,,,,,,,,,,,,,,,,,,,,,,,,,,,,,,,claude-3-opus,,,,,,,,,,,,,,,,,,,,,,,,,21.9,,,,,,,,,,,,,,,,,
,,,,,,,,,,,,,,,,,,,,,,,,,,,,,,,claude-3.5-sonnet,,,,,,,,,,,,,,,,,,,,,,,,,26.9,,,,,,,,,,,,,,,,,
,,,,,,,,,,,,,,,,,,,,,,,,,,,,,,,gpt-4-turbo-0409,,,,,,,,,,,,,,,,,,,,,,,,,29.9,,,,,,,,,,,,,,,,,
,,,,,,,,,,,,,,,,,,,,,,,,,,,,,,,gpt-4-vision-preview,,,,,,,,,,,,,,,,,,,,,,,,,31.7,,,,,,,,,,,,,,,,,
,,,,,,,,,,,,,,,,,,,,,,,,,,,,,,,gpt-40-2024-05-13,,,,,,,,,,,,,,,,,,,,,,,,,36.2,,,,,,,,,,,,,,,,,
,,,,,,,,,,,,,,,,,,,,,,,,,,,,,,,,,,,,,,,,,,,,,,,,,,,,,,,,,30min,0.0857,0.176,0.048,0.123,,,,,,,,,,,,
,,,,,,,,,,,,,,,,,,,,,,,,,,,,,,,,,,,,,,,,,,,,,,,,,,,,,,,,,2h,0.178,0.281,0.11,0.281,0.0719,,,,,,,,,,,
,,,,,,,,,,,,,,,,,,,,,,,,,,,,,,,,,,,,,,,,,,,,,,,,,,,,,,,,,8h,0.265,0.45,0.223,0.432,0.659,,,,,,,,,,,
,,,,,,,,,,,,,,,,,,,,,,,,,,,,,,,,,,,,,,,,,,,,,,,,,,,,,,,,,16h,0.298,0.516,0.337,0.509,0.914,,,,,,,,,,,
,,,,,,,,,,,,,,,,,,,,,,,,,,,,,,,,,,,,,,,,,,,,,,,,,,,,,,,,,32h,0.346,0.57,0.436,0.585,1.15,,,,,,,,,,,
,,,,,,,,,,,,,,,,,,,,,,,,,,,,,,,,,,,,,,,,,,,,,,,,,,,,,,,,,64h,0.387,0.61,,,1.27,,,,,,,,,,,
,,,,,,,,,,,,,,,,,,,,,,,,,,,,,,,,,,,,,,,,,,,,,,,,,,,,,,,,,,,,,,,Sibyl System v0.2,34.55%,11/3/23,,,,,,,,
,,,,,,,,,,,,,,,,,,,,,,,,,,,,,,,,,,,,,,,,,,,,,,,,,,,,,,,,,,,,,,,h2oGPTe Agent v1.6.8,65.12%,12/21/24,,,,,,,,
2022,TCP-ctrl*,,,,,,,,,,,,,,,,,,,,,,,,,,,,,,,,,,,,,,,,,,,,,,,,,,,,,,,,,,,,,,,,,30.47,,,,,,,
2022,TCP*,,,,,,,,,,,,,,,,,,,,,,,,,,,,,,,,,,,,,,,,,,,,,,,,,,,,,,,,,,,,,,,,,40.7,,,,,,,
2022,TCP-traj w/o distillation,,,,,,,,,,,,,,,,,,,,,,,,,,,,,,,,,,,,,,,,,,,,,,,,,,,,,,,,,,,,,,,,,49.3,,,,,,,
2022,TCP-traj*,,,,,,,,,,,,,,,,,,,,,,,,,,,,,,,,,,,,,,,,,,,,,,,,,,,,,,,,,,,,,,,,,59.9,,,,,,,
2023,AD-MLP,,,,,,,,,,,,,,,,,,,,,,,,,,,,,,,,,,,,,,,,,,,,,,,,,,,,,,,,,,,,,,,,,18.05,,,,,,,
2023,UniAD-Tiny,,,,,,,,,,,,,,,,,,,,,,,,,,,,,,,,,,,,,,,,,,,,,,,,,,,,,,,,,,,,,,,,,40.73,,,,,,,
2023,VAD,,,,,,,,,,,,,,,,,,,,,,,,,,,,,,,,,,,,,,,,,,,,,,,,,,,,,,,,,,,,,,,,,42.35,,,,,,,
2023,UniAD-Base,,,,,,,,,,,,,,,,,,,,,,,,,,,,,,,,,,,,,,,,,,,,,,,,,,,,,,,,,,,,,,,,,45.81,,,,,,,
2023,ThinkTwice*,,,,,,,,,,,,,,,,,,,,,,,,,,,,,,,,,,,,,,,,,,,,,,,,,,,,,,,,,,,,,,,,,62.44,,,,,,,
2023,DriveAdapter*,,,,,,,,,,,,,,,,,,,,,,,,,,,,,,,,,,,,,,,,,,,,,,,,,,,,,,,,,,,,,,,,,64.22,,,,,,,
,,,,,,,,,,,,,,,,,,,,,,,,,,,,,,,,,,,,,,,,,,,,,,,,,,,,,,,,,,,,,,,,,,,Human benchmark,Airbag deployment,1.74,,,,
,,,,,,,,,,,,,,,,,,,,,,,,,,,,,,,,,,,,,,,,,,,,,,,,,,,,,,,,,,,,,,,,,,,Waymo,Airbag deployment,0.32,,,,
,,,,,,,,,,,,,,,,,,,,,,,,,,,,,,,,,,,,,,,,,,,,,,,,,,,,,,,,,,,,,,,,,,,Human benchmark,Any-injury-reported,4.06,,,,
,,,,,,,,,,,,,,,,,,,,,,,,,,,,,,,,,,,,,,,,,,,,,,,,,,,,,,,,,,,,,,,,,,,Waymo,Any-injury-reported,0.9,,,,
,,,,,,,,,,,,,,,,,,,,,,,,,,,,,,,,,,,,,,,,,,,,,,,,,,,,,,,,,,,,,,,,,,,Human benchmark,Police-reported,5.91,,,,
,,,,,,,,,,,,,,,,,,,,,,,,,,,,,,,,,,,,,,,,,,,,,,,,,,,,,,,,,,,,,,,,,,,Waymo,Police-reported,2.26,,,,
,,,,,,,,,,,,,,,,,,,,,,,,,,,,,,,,,,,,,,,,,,,,,,,,,,,,,,,,,,,,,,,,,,,,Airbag deployment,,Phoenix and San Francisco,-0.81,,
,,,,,,,,,,,,,,,,,,,,,,,,,,,,,,,,,,,,,,,,,,,,,,,,,,,,,,,,,,,,,,,,,,,,Airbag deployment,,Phoenix,-0.77,,
,,,,,,,,,,,,,,,,,,,,,,,,,,,,,,,,,,,,,,,,,,,,,,,,,,,,,,,,,,,,,,,,,,,,Airbag deployment,,San Francisco,-0.87,,
,,,,,,,,,,,,,,,,,,,,,,,,,,,,,,,,,,,,,,,,,,,,,,,,,,,,,,,,,,,,,,,,,,,,Any-injury-reported,,Phoenix and San Francisco,-0.78,,
,,,,,,,,,,,,,,,,,,,,,,,,,,,,,,,,,,,,,,,,,,,,,,,,,,,,,,,,,,,,,,,,,,,,Any-injury-reported,,Phoenix,-0.59,,
,,,,,,,,,,,,,,,,,,,,,,,,,,,,,,,,,,,,,,,,,,,,,,,,,,,,,,,,,,,,,,,,,,,,Any-injury-reported,,San Francisco,-0.88,,
,,,,,,,,,,,,,,,,,,,,,,,,,,,,,,,,,,,,,,,,,,,,,,,,,,,,,,,,,,,,,,,,,,,,Police-reported,,Phoenix and San Francisco,-0.62,,
,,,,,,,,,,,,,,,,,,,,,,,,,,,,,,,,,,,,,,,,,,,,,,,,,,,,,,,,,,,,,,,,,,,,Police-reported,,Phoenix,-0.51,,
,,,,,,,,,,,,,,,,,,,,,,,,,,,,,,,,,,,,,,,,,,,,,,,,,,,,,,,,,,,,,,,,,,,,Police-reported,,San Francisco,-0.76,,
,,,,,,,2022.0,,,,,,,,,,,,,,,,,,,,,,,,Hiveformer,,,,,,,,,,,,,,,,,,,,,,,,,,,,,,,,,,,,,,,,,0.453,
,,,,,,,2023.0,,,,,,,,,,,,,,,,,,,,,,,,Act3D,,,,,,,,,,,,,,,,,,,,,,,,,,,,,,,,,,,,,,,,,0.65,
,,,,,,,2024.0,,,,,,,,,,,,,,,,,,,,,,,,ARP+,,,,,,,,,,,,,,,,,,,,,,,,,,,,,,,,,,,,,,,,,0.86,
,,,,,,,2025.0,,,,,,,,,,,,,,,,,,,,,,,,SAM2Act,,,,,,,,,,,,,,,,,,,,,,,,,,,,,,,,,,,,,,,,,0.868,
,,,,,,,,,ShirtMessy,,,,,,,,,,,,,,,,,,,,,,,,,,,,,,,,,,,,,,,,,,,,,,,70%,,,,,,,,,,,,,,,,,Shirt hanging
,,,,,,,,,ShirtEasy,,,,,,,,,,,,,,,,,,,,,,,,,,,,,,,,,,,,,,,,,,,,,,,75%,,,,,,,,,,,,,,,,,Shirt hanging
,,,,,,,,,LaceMessy,,,,,,,,,,,,,,,,,,,,,,,,,,,,,,,,,,,,,,,,,,,,,,,40%,,,,,,,,,,,,,,,,,Shoelace tying
,,,,,,,,,LaceEasy,,,,,,,,,,,,,,,,,,,,,,,,,,,,,,,,,,,,,,,,,,,,,,,70%,,,,,,,,,,,,,,,,,Shoelace tying
,,,,,,,,,FingerReplace,,,,,,,,,,,,,,,,,,,,,,,,,,,,,,,,,,,,,,,,,,,,,,,75%,,,,,,,,,,,,,,,,, Robot finger  replacement
,,,,,,,,,GearInsert-3,,,,,,,,,,,,,,,,,,,,,,,,,,,,,,,,,,,,,,,,,,,,,,,40%,,,,,,,,,,,,,,,,,Gear insertion
,,,,,,,,,GearInsert-2,,,,,,,,,,,,,,,,,,,,,,,,,,,,,,,,,,,,,,,,,,,,,,,75%,,,,,,,,,,,,,,,,,Gear insertion
,,,,,,,,,GearInsert-1,,,,,,,,,,,,,,,,,,,,,,,,,,,,,,,,,,,,,,,,,,,,,,,95%,,,,,,,,,,,,,,,,,Gear insertion
,,,,,,,,,RandomKitchen -Bowl+Cup+Fork,,,,,,,,,,,,,,,,,,,,,,,,,,,,,,,,,,,,,,,,,,,,,,,25%,,,,,,,,,,,,,,,,,Random kitchen stack
,,,,,,,,,RandomKitchen -Bowl+Cup,,,,,,,,,,,,,,,,,,,,,,,,,,,,,,,,,,,,,,,,,,,,,,,65%,,,,,,,,,,,,,,,,,Random kitchen stack
,,,,,,,,,RandomKitchen -Bowl,,,,,,,,,,,,,,,,,,,,,,,,,,,,,,,,,,,,,,,,,,,,,,,95%,,,,,,,,,,,,,,,,,Random kitchen stack
,,,,,,,,,,,,,,,,,,,,,,,,,,,,,,,,,,,,,,,,,,,,,,,,,,,,,,,,,,,,,,,,,,,,,,,,,
